ID,Category,CategoryOfSequences_fr,FXY1,Title_fr,SubTitle_fr,FXY2,ElementName_fr,ElementDescription_fr,Note_fr,noteIDs,Status,translation_source
bufr4/3/06/001/1/002032,06,Séquences météorologiques ou océanographiques communes,306001,"(Profondeur, température)",,002032,Indicateur de numérisation,,,,Operational,Original
bufr4/3/06/001/2/102000,06,Séquences météorologiques ou océanographiques communes,306001,"(Profondeur, température)",,102000,Répétition différée de 2 descripteurs,,,,Operational,Original
bufr4/3/06/001/3/031001,06,Séquences météorologiques ou océanographiques communes,306001,"(Profondeur, température)",,031001,Facteur de répétition différée du descripteur,,,,Operational,Original
bufr4/3/06/001/4/007062,06,Séquences météorologiques ou océanographiques communes,306001,"(Profondeur, température)",,007062,Profondeur sous la surface de la mer/de l'eau,,,,Operational,Original
bufr4/3/06/001/5/022042,06,Séquences météorologiques ou océanographiques communes,306001,"(Profondeur, température)",,022042,Température de la mer/de l'eau,,,,Operational,Original
bufr4/3/06/002/1/002031,06,Séquences météorologiques ou océanographiques communes,306002,(Courant),,002031,Durée et heure de la mesure du courant,,,,Operational,Original
bufr4/3/06/002/2/022004,06,Séquences météorologiques ou océanographiques communes,306002,(Courant),,022004,Direction du courant,,,,Operational,Original
bufr4/3/06/002/3/022031,06,Séquences météorologiques ou océanographiques communes,306002,(Courant),,022031,Vitesse du courant,,,,Operational,Original
bufr4/3/06/003/1/002002,06,Séquences météorologiques ou océanographiques communes,306003,(Vent et température en surface),,002002,Type d'instruments pour la mesure du vent,,,,Operational,Original
bufr4/3/06/003/2/011011,06,Séquences météorologiques ou océanographiques communes,306003,(Vent et température en surface),,011011,Direction du vent à 10 m,,,,Operational,Original
bufr4/3/06/003/3/011012,06,Séquences météorologiques ou océanographiques communes,306003,(Vent et température en surface),,011012,Vitesse du vent à 10 m,,,,Operational,Original
bufr4/3/06/003/4/012004,06,Séquences météorologiques ou océanographiques communes,306003,(Vent et température en surface),,012004,Température de l'air à 2 m,,,,Operational,Original
bufr4/3/06/004/1/002032,06,Séquences météorologiques ou océanographiques communes,306004,"(Profondeur, température, salinité)",,002032,Indicateur de numérisation,,,,Operational,Original
bufr4/3/06/004/2/002033,06,Séquences météorologiques ou océanographiques communes,306004,"(Profondeur, température, salinité)",,002033,Méthode de mesure de la salinité en fonction de la profondeur,,,,Operational,Original
bufr4/3/06/004/3/103000,06,Séquences météorologiques ou océanographiques communes,306004,"(Profondeur, température, salinité)",,103000,Répétition différée de 3 descripteurs,,,,Operational,Original
bufr4/3/06/004/4/031001,06,Séquences météorologiques ou océanographiques communes,306004,"(Profondeur, température, salinité)",,031001,Facteur de répétition différée du descripteur,,,,Operational,Original
bufr4/3/06/004/5/007062,06,Séquences météorologiques ou océanographiques communes,306004,"(Profondeur, température, salinité)",,007062,Profondeur sous la surface de la mer/de l'eau,,,,Operational,Original
bufr4/3/06/004/6/022043,06,Séquences météorologiques ou océanographiques communes,306004,"(Profondeur, température, salinité)",,022043,Température de la mer/de l'eau,,,,Operational,Original
bufr4/3/06/004/7/022062,06,Séquences météorologiques ou océanographiques communes,306004,"(Profondeur, température, salinité)",,022062,Salinité,,,,Operational,Original
bufr4/3/06/005/1/002031,06,Séquences météorologiques ou océanographiques communes,306005,,,002031,Durée et heure de la mesure du courant,,,,Operational,Original
bufr4/3/06/005/2/103000,06,Séquences météorologiques ou océanographiques communes,306005,,,103000,Répétition différée de 3 descripteurs,,,,Operational,Original
bufr4/3/06/005/3/031001,06,Séquences météorologiques ou océanographiques communes,306005,,,031001,Facteur de répétition différée du descripteur,,,,Operational,Original
bufr4/3/06/005/4/007062,06,Séquences météorologiques ou océanographiques communes,306005,,,007062,Profondeur sous la surface de la mer/de l'eau,,,,Operational,Original
bufr4/3/06/005/5/022004,06,Séquences météorologiques ou océanographiques communes,306005,,,022004,Direction du courant,,,,Operational,Original
bufr4/3/06/005/6/022031,06,Séquences météorologiques ou océanographiques communes,306005,,,022031,Vitesse du courant,,,,Operational,Original
bufr4/3/06/006/1/306003,06,Séquences météorologiques ou océanographiques communes,306006,(Paramètres (facultatifs) de mesure par sonde immergée),,306003,Vent et température en surface,,,,Operational,Original
bufr4/3/06/006/2/306002,06,Séquences météorologiques ou océanographiques communes,306006,(Paramètres (facultatifs) de mesure par sonde immergée),,306002,Courant,,,,Operational,Original
bufr4/3/06/006/3/022063,06,Séquences météorologiques ou océanographiques communes,306006,(Paramètres (facultatifs) de mesure par sonde immergée),,022063,Profondeur totale de l'eau,,,,Operational,Original
bufr4/3/06/007/1/001012,06,Séquences météorologiques ou océanographiques communes,306007,(Blocs réservés pour les paramètres de bouées),,001012,Direction de déplacement de la plate-forme d'observation mobile,,,,Operational,Original
bufr4/3/06/007/2/001014,06,Séquences météorologiques ou océanographiques communes,306007,(Blocs réservés pour les paramètres de bouées),,001014,Vitesse de dérive de la plate-forme (précision élevée),,,,Operational,Original
bufr4/3/06/007/3/306008,06,Séquences météorologiques ou océanographiques communes,306007,(Blocs réservés pour les paramètres de bouées),,306008,Paramètres des instruments pour bouées,,,,Operational,Original
bufr4/3/06/007/4/004024,06,Séquences météorologiques ou océanographiques communes,306007,(Blocs réservés pour les paramètres de bouées),,004024,Période ou décalage dans le temps,,,,Operational,Original
bufr4/3/06/007/5/027003,06,Séquences météorologiques ou océanographiques communes,306007,(Blocs réservés pour les paramètres de bouées),,027003,Autre latitude possible (faible précision),,,,Operational,Original
bufr4/3/06/007/6/028003,06,Séquences météorologiques ou océanographiques communes,306007,(Blocs réservés pour les paramètres de bouées),,028003,Autre longitude possible (faible précision),,,,Operational,Original
bufr4/3/06/008/1/002034,06,Séquences météorologiques ou océanographiques communes,306008,(Paramètres des instruments pour bouées),,002034,Type de lest (stabilisateur),,,,Operational,Original
bufr4/3/06/008/2/002035,06,Séquences météorologiques ou océanographiques communes,306008,(Paramètres des instruments pour bouées),,002035,Longueur du câble,,,,Operational,Original
bufr4/3/06/008/3/002036,06,Séquences météorologiques ou océanographiques communes,306008,(Paramètres des instruments pour bouées),,002036,Type de bouée,,,,Operational,Original
bufr4/3/06/011/1/301021,06,Séquences météorologiques ou océanographiques communes,306011,"(Séquence pour la représentation de l'identification de la station d'observation des marées, du mode de transmission, de l'heure de transmission du message et de l'heure de référence à consigner dans les séries chronologiques)",,301021,Latitude/longitude (précision élevée),,,,Operational,Original
bufr4/3/06/011/2/001075,06,Séquences météorologiques ou océanographiques communes,306011,"(Séquence pour la représentation de l'identification de la station d'observation des marées, du mode de transmission, de l'heure de transmission du message et de l'heure de référence à consigner dans les séries chronologiques)",,001075,Identification de la station d'observation des marées,Identification alphanumérique (5 caractères),,,Operational,Original
bufr4/3/06/011/3/002147,06,Séquences météorologiques ou océanographiques communes,306011,"(Séquence pour la représentation de l'identification de la station d'observation des marées, du mode de transmission, de l'heure de transmission du message et de l'heure de référence à consigner dans les séries chronologiques)",,002147,Mode de transmission au centre de collecte des données,,,,Operational,Original
bufr4/3/06/011/4/301011,06,Séquences météorologiques ou océanographiques communes,306011,"(Séquence pour la représentation de l'identification de la station d'observation des marées, du mode de transmission, de l'heure de transmission du message et de l'heure de référence à consigner dans les séries chronologiques)",,301011,"Année, mois, jour",,,,Operational,Original
bufr4/3/06/011/5/301013,06,Séquences météorologiques ou océanographiques communes,306011,"(Séquence pour la représentation de l'identification de la station d'observation des marées, du mode de transmission, de l'heure de transmission du message et de l'heure de référence à consigner dans les séries chronologiques)",,301013,"Heure, minute, seconde",,,,Operational,Original
bufr4/3/06/012/1/002007,06,Séquences météorologiques ou océanographiques communes,306012,"(Séquence pour la représentation du type de capteur, de la caractéristique du capteur et du mode de fonctionnement)",,002007,Type de capteur pour les instruments de mesure de la hauteur d'eau,,,,Operational,Original
bufr4/3/06/012/2/008015,06,Séquences météorologiques ou océanographiques communes,306012,"(Séquence pour la représentation du type de capteur, de la caractéristique du capteur et du mode de fonctionnement)",,008015,Caractéristique du capteur,,,,Operational,Original
bufr4/3/06/012/3/008032,06,Séquences météorologiques ou océanographiques communes,306012,"(Séquence pour la représentation du type de capteur, de la caractéristique du capteur et du mode de fonctionnement)",,008032,Mode de fonctionnement,,,,Operational,Original
bufr4/3/06/012/4/306029,06,Séquences météorologiques ou océanographiques communes,306012,"(Séquence pour la représentation du type de capteur, de la caractéristique du capteur et du mode de fonctionnement)",,306029,Séquence pour la représentation des informations d'échantillonnage provenant du tsunamimètre relatives aux hauteurs de la colonne d'eau dans les séries chronologiques,,,,Operational,Original
bufr4/3/06/013/1/306012,06,Séquences météorologiques ou océanographiques communes,306013,(Séquence pour la représentation du niveau et de la hauteur résiduelle de la mer dans les séries chronologiques),,306012,"Séquence pour la représentation du type de capteur, de la caractéristique du capteur et du mode de fonctionnement",,,,Operational,Original
bufr4/3/06/013/2/301011,06,Séquences météorologiques ou océanographiques communes,306013,(Séquence pour la représentation du niveau et de la hauteur résiduelle de la mer dans les séries chronologiques),,301011,"Année, mois, jour",Date de référence pour les séries chronologiques,,,Operational,Original
bufr4/3/06/013/3/301013,06,Séquences météorologiques ou océanographiques communes,306013,(Séquence pour la représentation du niveau et de la hauteur résiduelle de la mer dans les séries chronologiques),,301013,"Heure, minute, seconde",Heure de référence pour les séries chronologiques,,,Operational,Original
bufr4/3/06/013/4/022120,06,Séquences météorologiques ou océanographiques communes,306013,(Séquence pour la représentation du niveau et de la hauteur résiduelle de la mer dans les séries chronologiques),,022120,Vérification automatique du niveau d'eau à la station d'observation des marées,,,,Operational,Original
bufr4/3/06/013/5/022121,06,Séquences météorologiques ou océanographiques communes,306013,(Séquence pour la représentation du niveau et de la hauteur résiduelle de la mer dans les séries chronologiques),,022121,Vérification manuelle du niveau d'eau à la station d'observation des marées,,,,Operational,Original
bufr4/3/06/013/6/004015,06,Séquences météorologiques ou océanographiques communes,306013,(Séquence pour la représentation du niveau et de la hauteur résiduelle de la mer dans les séries chronologiques),,004015,Incrément temporel,Ajouté pour réinitialiser l'heure de référence,,,Operational,Original
bufr4/3/06/013/7/004065,06,Séquences météorologiques ou océanographiques communes,306013,(Séquence pour la représentation du niveau et de la hauteur résiduelle de la mer dans les séries chronologiques),,004065,Incrément de courte durée,Ajouté à chaque valeur dans les séries chronologiques,,,Operational,Original
bufr4/3/06/013/8/102000,06,Séquences météorologiques ou océanographiques communes,306013,(Séquence pour la représentation du niveau et de la hauteur résiduelle de la mer dans les séries chronologiques),,102000,Répétition différée de 2 descripteurs,,,,Operational,Original
bufr4/3/06/013/9/031001,06,Séquences météorologiques ou océanographiques communes,306013,(Séquence pour la représentation du niveau et de la hauteur résiduelle de la mer dans les séries chronologiques),,031001,Facteur de répétition différée du descripteur,,,,Operational,Original
bufr4/3/06/013/10/022038,06,Séquences météorologiques ou océanographiques communes,306013,(Séquence pour la représentation du niveau et de la hauteur résiduelle de la mer dans les séries chronologiques),,022038,Hauteur des marées par rapport au zéro local des cartes,,,,Operational,Original
bufr4/3/06/013/11/022040,06,Séquences météorologiques ou océanographiques communes,306013,(Séquence pour la représentation du niveau et de la hauteur résiduelle de la mer dans les séries chronologiques),,022040,Hauteur résiduelle météorologique des marées,,,,Operational,Original
bufr4/3/06/014/1/306012,06,Séquences météorologiques ou océanographiques communes,306014,"(Séquence pour la représentation de la hauteur d'eau dans les séries chronologiques, similaire à 3 06 013 mais sans la hauteur résiduelle)",,306012,"Séquence pour la représentation du type de capteur, de la caractéristique du capteur et du mode de fonctionnement",,,,Operational,Original
bufr4/3/06/014/2/301011,06,Séquences météorologiques ou océanographiques communes,306014,"(Séquence pour la représentation de la hauteur d'eau dans les séries chronologiques, similaire à 3 06 013 mais sans la hauteur résiduelle)",,301011,"Année, mois, jour",Date de référence pour les séries chronologiques,,,Operational,Original
bufr4/3/06/014/3/301013,06,Séquences météorologiques ou océanographiques communes,306014,"(Séquence pour la représentation de la hauteur d'eau dans les séries chronologiques, similaire à 3 06 013 mais sans la hauteur résiduelle)",,301013,"Heure, minute, seconde",Heure de référence pour les séries chronologiques,,,Operational,Original
bufr4/3/06/014/4/022120,06,Séquences météorologiques ou océanographiques communes,306014,"(Séquence pour la représentation de la hauteur d'eau dans les séries chronologiques, similaire à 3 06 013 mais sans la hauteur résiduelle)",,022120,Vérification automatique du niveau d'eau à la station d'observation des marées,,,,Operational,Original
bufr4/3/06/014/5/022121,06,Séquences météorologiques ou océanographiques communes,306014,"(Séquence pour la représentation de la hauteur d'eau dans les séries chronologiques, similaire à 3 06 013 mais sans la hauteur résiduelle)",,022121,Vérification manuelle du niveau d'eau à la station d'observation des marées,,,,Operational,Original
bufr4/3/06/014/6/004015,06,Séquences météorologiques ou océanographiques communes,306014,"(Séquence pour la représentation de la hauteur d'eau dans les séries chronologiques, similaire à 3 06 013 mais sans la hauteur résiduelle)",,004015,Incrément temporel,Ajouté pour réinitialiser l'heure de référence,,,Operational,Original
bufr4/3/06/014/7/004065,06,Séquences météorologiques ou océanographiques communes,306014,"(Séquence pour la représentation de la hauteur d'eau dans les séries chronologiques, similaire à 3 06 013 mais sans la hauteur résiduelle)",,004065,Incrément de courte durée,Ajouté à chaque valeur dans les séries chronologiques,,,Operational,Original
bufr4/3/06/014/8/101000,06,Séquences météorologiques ou océanographiques communes,306014,"(Séquence pour la représentation de la hauteur d'eau dans les séries chronologiques, similaire à 3 06 013 mais sans la hauteur résiduelle)",,101000,Répétition différée de 1 descripteur,,,,Operational,Original
bufr4/3/06/014/9/031001,06,Séquences météorologiques ou océanographiques communes,306014,"(Séquence pour la représentation de la hauteur d'eau dans les séries chronologiques, similaire à 3 06 013 mais sans la hauteur résiduelle)",,031001,Facteur de répétition différée du descripteur,,,,Operational,Original
bufr4/3/06/014/10/022038,06,Séquences météorologiques ou océanographiques communes,306014,"(Séquence pour la représentation de la hauteur d'eau dans les séries chronologiques, similaire à 3 06 013 mais sans la hauteur résiduelle)",,022038,Hauteur des marées par rapport au zéro local des cartes,,,,Operational,Original
bufr4/3/06/016/1/301011,06,Séquences météorologiques ou océanographiques communes,306016,(Séquence pour la représentation des données météorologiques auxiliaires en relation avec les données du niveau d'eau),,301011,"Année, mois, jour",Date de référence pour les séries chronologiques,,,Operational,Original
bufr4/3/06/016/2/301013,06,Séquences météorologiques ou océanographiques communes,306016,(Séquence pour la représentation des données météorologiques auxiliaires en relation avec les données du niveau d'eau),,301013,"Heure, minute, seconde",Heure de référence pour les séries chronologiques,,,Operational,Original
bufr4/3/06/016/3/010004,06,Séquences météorologiques ou océanographiques communes,306016,(Séquence pour la représentation des données météorologiques auxiliaires en relation avec les données du niveau d'eau),,010004,Pression,Au niveau de la station,,,Operational,Original
bufr4/3/06/016/4/010051,06,Séquences météorologiques ou océanographiques communes,306016,(Séquence pour la représentation des données météorologiques auxiliaires en relation avec les données du niveau d'eau),,010051,Pression ramenée au niveau moyen de la mer,,,,Operational,Original
bufr4/3/06/016/5/302032,06,Séquences météorologiques ou océanographiques communes,306016,(Séquence pour la représentation des données météorologiques auxiliaires en relation avec les données du niveau d'eau),,302032,Données sur la température et l'humidité,,,,Operational,Original
bufr4/3/06/016/6/007032,06,Séquences météorologiques ou océanographiques communes,306016,(Séquence pour la représentation des données météorologiques auxiliaires en relation avec les données du niveau d'eau),,007032,Hauteur du capteur au-dessus du sol (ou du pont sur une plate-forme marine),,,,Operational,Original
bufr4/3/06/016/7/002002,06,Séquences météorologiques ou océanographiques communes,306016,(Séquence pour la représentation des données météorologiques auxiliaires en relation avec les données du niveau d'eau),,002002,Type d'instrument pour la mesure du vent,,,,Operational,Original
bufr4/3/06/016/8/008021,06,Séquences météorologiques ou océanographiques communes,306016,(Séquence pour la représentation des données météorologiques auxiliaires en relation avec les données du niveau d'eau),,008021,Caractéristique temporelle,= 2 Moyenne sur une certaine période,,,Operational,Original
bufr4/3/06/016/9/004025,06,Séquences météorologiques ou océanographiques communes,306016,(Séquence pour la représentation des données météorologiques auxiliaires en relation avec les données du niveau d'eau),,004025,Période ou décalage dans le temps,"Ex. = 1 pour 1 minute, = 10 pour 10 minutes",,,Operational,Original
bufr4/3/06/016/10/011001,06,Séquences météorologiques ou océanographiques communes,306016,(Séquence pour la représentation des données météorologiques auxiliaires en relation avec les données du niveau d'eau),,011001,Direction du vent,,,,Operational,Original
bufr4/3/06/016/11/011002,06,Séquences météorologiques ou océanographiques communes,306016,(Séquence pour la représentation des données météorologiques auxiliaires en relation avec les données du niveau d'eau),,011002,Vitesse du vent,,,,Operational,Original
bufr4/3/06/016/12/004025,06,Séquences météorologiques ou océanographiques communes,306016,(Séquence pour la représentation des données météorologiques auxiliaires en relation avec les données du niveau d'eau),,004025,Période ou décalage dans le temps,En minutes,,,Operational,Original
bufr4/3/06/016/13/011043,06,Séquences météorologiques ou océanographiques communes,306016,(Séquence pour la représentation des données météorologiques auxiliaires en relation avec les données du niveau d'eau),,011043,Direction de la rafale maximale,,,,Operational,Original
bufr4/3/06/016/14/011041,06,Séquences météorologiques ou océanographiques communes,306016,(Séquence pour la représentation des données météorologiques auxiliaires en relation avec les données du niveau d'eau),,011041,Vitesse de la rafale maximale,,,,Operational,Original
bufr4/3/06/016/15/025026,06,Séquences météorologiques ou océanographiques communes,306016,(Séquence pour la représentation des données météorologiques auxiliaires en relation avec les données du niveau d'eau),,025026,Tension de la batterie (grande portée),Tension de la batterie de la station météorologique automatique,,,Operational,Original
bufr4/3/06/016/16/012060,06,Séquences météorologiques ou océanographiques communes,306016,(Séquence pour la représentation des données météorologiques auxiliaires en relation avec les données du niveau d'eau),,012060,Température à l'intérieur de la station météorologique automatique,,,,Operational,Original
bufr4/3/06/017/1/002032,06,Séquences météorologiques ou océanographiques communes,306017,(Profil de la température sous la surface (exactitude/précision élevée) avec indicateurs de qualité),,002032,Indicateur de numérisation,= 0 Profondeurs des capteurs à poste fixe,,,Operational,Original
bufr4/3/06/017/2/008034,06,Séquences météorologiques ou océanographiques communes,306017,(Profil de la température sous la surface (exactitude/précision élevée) avec indicateurs de qualité),,008034,Indicateur de la mesure de la température ou de la salinité,,,,Operational,Original
bufr4/3/06/017/3/106000,06,Séquences météorologiques ou océanographiques communes,306017,(Profil de la température sous la surface (exactitude/précision élevée) avec indicateurs de qualité),,106000,Répétition différée de 6 descripteurs,,,,Operational,Original
bufr4/3/06/017/4/031002,06,Séquences météorologiques ou océanographiques communes,306017,(Profil de la température sous la surface (exactitude/précision élevée) avec indicateurs de qualité),,031002,Facteur élargi de répétition différée du descripteur,Nombre de profondeurs,,,Operational,Original
bufr4/3/06/017/5/007065,06,Séquences météorologiques ou océanographiques communes,306017,(Profil de la température sous la surface (exactitude/précision élevée) avec indicateurs de qualité),,007065,Pression hydrostatique,En Pa,,,Operational,Original
bufr4/3/06/017/6/008080,06,Séquences météorologiques ou océanographiques communes,306017,(Profil de la température sous la surface (exactitude/précision élevée) avec indicateurs de qualité),,008080,Identificateur de l'indicateur de qualité pour le GTSPP,,,,Operational,Original
bufr4/3/06/017/7/033050,06,Séquences météorologiques ou océanographiques communes,306017,(Profil de la température sous la surface (exactitude/précision élevée) avec indicateurs de qualité),,033050,Indicateur de qualité global pour le GTSPP,,,,Operational,Original
bufr4/3/06/017/8/022045,06,Séquences météorologiques ou océanographiques communes,306017,(Profil de la température sous la surface (exactitude/précision élevée) avec indicateurs de qualité),,022045,Température de la mer/de l'eau,En K à 3 décimales près,,,Operational,Original
bufr4/3/06/017/9/008080,06,Séquences météorologiques ou océanographiques communes,306017,(Profil de la température sous la surface (exactitude/précision élevée) avec indicateurs de qualité),,008080,Identificateur de l'indicateur de qualité pour le GTSPP,,,,Operational,Original
bufr4/3/06/017/10/033050,06,Séquences météorologiques ou océanographiques communes,306017,(Profil de la température sous la surface (exactitude/précision élevée) avec indicateurs de qualité),,033050,Indicateur de qualité global pour le GTSPP,,,,Operational,Original
bufr4/3/06/017/11/008034,06,Séquences météorologiques ou océanographiques communes,306017,(Profil de la température sous la surface (exactitude/précision élevée) avec indicateurs de qualité),,008034,Indicateur de la mesure de la température ou de la salinité,Mis à valeur manquante (annuler),,,Operational,Original
bufr4/3/06/018/1/002032,06,Séquences météorologiques ou océanographiques communes,306018,(Profil de la température sous la surface (exactitude/précision élevée) avec indicateurs de qualité),,002032,Indicateur de numérisation,= 0 Profondeurs des capteurs à poste fixe,,,Operational,Original
bufr4/3/06/018/2/008034,06,Séquences météorologiques ou océanographiques communes,306018,(Profil de la température sous la surface (exactitude/précision élevée) avec indicateurs de qualité),,008034,Indicateur de la mesure de la température ou de la salinité,,,,Operational,Original
bufr4/3/06/018/3/109000,06,Séquences météorologiques ou océanographiques communes,306018,(Profil de la température sous la surface (exactitude/précision élevée) avec indicateurs de qualité),,109000,Répétition différée de 9 descripteurs,,,,Operational,Original
bufr4/3/06/018/4/031002,06,Séquences météorologiques ou océanographiques communes,306018,(Profil de la température sous la surface (exactitude/précision élevée) avec indicateurs de qualité),,031002,Facteur élargi de répétition différée du descripteur,Nombre de profondeurs,,,Operational,Original
bufr4/3/06/018/5/007065,06,Séquences météorologiques ou océanographiques communes,306018,(Profil de la température sous la surface (exactitude/précision élevée) avec indicateurs de qualité),,007065,Pression hydrostatique,En Pa,,,Operational,Original
bufr4/3/06/018/6/008080,06,Séquences météorologiques ou océanographiques communes,306018,(Profil de la température sous la surface (exactitude/précision élevée) avec indicateurs de qualité),,008080,Identificateur de l'indicateur de qualité pour le GTSPP,,,,Operational,Original
bufr4/3/06/018/7/033050,06,Séquences météorologiques ou océanographiques communes,306018,(Profil de la température sous la surface (exactitude/précision élevée) avec indicateurs de qualité),,033050,Indicateur de qualité global pour le GTSPP,,,,Operational,Original
bufr4/3/06/018/8/022045,06,Séquences météorologiques ou océanographiques communes,306018,(Profil de la température sous la surface (exactitude/précision élevée) avec indicateurs de qualité),,022045,Température de la mer/de l'eau,En K à 3 décimales près,,,Operational,Original
bufr4/3/06/018/9/008080,06,Séquences météorologiques ou océanographiques communes,306018,(Profil de la température sous la surface (exactitude/précision élevée) avec indicateurs de qualité),,008080,Identificateur de l'indicateur de qualité pour le GTSPP,,,,Operational,Original
bufr4/3/06/018/10/033050,06,Séquences météorologiques ou océanographiques communes,306018,(Profil de la température sous la surface (exactitude/précision élevée) avec indicateurs de qualité),,033050,Indicateur de qualité global pour le GTSPP,,,,Operational,Original
bufr4/3/06/018/11/022064,06,Séquences météorologiques ou océanographiques communes,306018,(Profil de la température sous la surface (exactitude/précision élevée) avec indicateurs de qualité),,022064,Salinité,,,,Operational,Original
bufr4/3/06/018/12/008080,06,Séquences météorologiques ou océanographiques communes,306018,(Profil de la température sous la surface (exactitude/précision élevée) avec indicateurs de qualité),,008080,Identificateur de l'indicateur de qualité pour le GTSPP,,,,Operational,Original
bufr4/3/06/018/13/033050,06,Séquences météorologiques ou océanographiques communes,306018,(Profil de la température sous la surface (exactitude/précision élevée) avec indicateurs de qualité),,033050,Indicateur de qualité global pour le GTSPP,,,,Operational,Original
bufr4/3/06/018/14/008034,06,Séquences météorologiques ou océanographiques communes,306018,(Profil de la température sous la surface (exactitude/précision élevée) avec indicateurs de qualité),,008034,Indicateur de la mesure de la température ou de la salinité,Mis à valeur manquante (annuler),,,Operational,Original
bufr4/3/06/019/1/001075,06,Séquences météorologiques ou océanographiques communes,306019,"(Identification du message sur les marées, vérification du niveau d'eau, incrément temporel)",,001075,Identification de la station d'observation des marées,Alphanumérique,,,Operational,Original
bufr4/3/06/019/2/301011,06,Séquences météorologiques ou océanographiques communes,306019,"(Identification du message sur les marées, vérification du niveau d'eau, incrément temporel)",,301011,"Année, mois, jour",,,,Operational,Original
bufr4/3/06/019/3/301012,06,Séquences météorologiques ou océanographiques communes,306019,"(Identification du message sur les marées, vérification du niveau d'eau, incrément temporel)",,301012,"Heure, minute",,,,Operational,Original
bufr4/3/06/019/4/022042,06,Séquences météorologiques ou océanographiques communes,306019,"(Identification du message sur les marées, vérification du niveau d'eau, incrément temporel)",,022042,Température de la mer/de l'eau,,,,Operational,Original
bufr4/3/06/019/5/022120,06,Séquences météorologiques ou océanographiques communes,306019,"(Identification du message sur les marées, vérification du niveau d'eau, incrément temporel)",,022120,Vérification automatique du niveau d'eau à la station d'observation des marées,,,,Operational,Original
bufr4/3/06/019/6/022121,06,Séquences météorologiques ou océanographiques communes,306019,"(Identification du message sur les marées, vérification du niveau d'eau, incrément temporel)",,022121,Vérification manuelle du niveau d'eau à la station d'observation des marées,,,,Operational,Original
bufr4/3/06/019/7/004015,06,Séquences météorologiques ou océanographiques communes,306019,"(Identification du message sur les marées, vérification du niveau d'eau, incrément temporel)",,004015,Incrément temporel,Minutes,(voir note 1),42,Operational,Original
bufr4/3/06/019/8/004065,06,Séquences météorologiques ou océanographiques communes,306019,"(Identification du message sur les marées, vérification du niveau d'eau, incrément temporel)",,004065,Incrément de courte durée,,,,Operational,Original
bufr4/3/06/020/1/001075,06,Séquences météorologiques ou océanographiques communes,306020,"(Identification du message sur les marées, vérification du niveau d'eau, période ou décalage dans le temps, incrément temporel)",,001075,Identification de la station d'observation des marées,Alphanumérique,(voir note 2),69,Operational,Original
bufr4/3/06/020/2/301011,06,Séquences météorologiques ou océanographiques communes,306020,"(Identification du message sur les marées, vérification du niveau d'eau, période ou décalage dans le temps, incrément temporel)",,301011,"Année, mois, jour",,(voir note 2),69,Operational,Original
bufr4/3/06/020/3/301012,06,Séquences météorologiques ou océanographiques communes,306020,"(Identification du message sur les marées, vérification du niveau d'eau, période ou décalage dans le temps, incrément temporel)",,301012,"Heure, minute",,(voir note 2),69,Operational,Original
bufr4/3/06/020/4/022042,06,Séquences météorologiques ou océanographiques communes,306020,"(Identification du message sur les marées, vérification du niveau d'eau, période ou décalage dans le temps, incrément temporel)",,022042,Température de la mer/de l'eau,,(voir note 2),69,Operational,Original
bufr4/3/06/020/5/022120,06,Séquences météorologiques ou océanographiques communes,306020,"(Identification du message sur les marées, vérification du niveau d'eau, période ou décalage dans le temps, incrément temporel)",,022120,Vérification automatique du niveau d'eau à la station d'observation des marées,,(voir note 2),69,Operational,Original
bufr4/3/06/020/6/022121,06,Séquences météorologiques ou océanographiques communes,306020,"(Identification du message sur les marées, vérification du niveau d'eau, période ou décalage dans le temps, incrément temporel)",,022121,Vérification manuelle du niveau d'eau à la station d'observation des marées,,(voir note 2),69,Operational,Original
bufr4/3/06/020/7/004075,06,Séquences météorologiques ou océanographiques communes,306020,"(Identification du message sur les marées, vérification du niveau d'eau, période ou décalage dans le temps, incrément temporel)",,004075,Période ou décalage dans le temps de courte durée,,(voir note 2),69,Operational,Original
bufr4/3/06/020/8/004065,06,Séquences météorologiques ou océanographiques communes,306020,"(Identification du message sur les marées, vérification du niveau d'eau, période ou décalage dans le temps, incrément temporel)",,004065,Incrément de courte durée,,(voir note 2),69,Operational,Original
bufr4/3/06/021/1/001075,06,Séquences météorologiques ou océanographiques communes,306021,(Paramètres météorologiques de la station d'observation des marées),,001075,Identification de la station d'observation des marées,Alphanumérique,,,Operational,Original
bufr4/3/06/021/2/301011,06,Séquences météorologiques ou océanographiques communes,306021,(Paramètres météorologiques de la station d'observation des marées),,301011,"Année, mois, jour",,,,Operational,Original
bufr4/3/06/021/3/301012,06,Séquences météorologiques ou océanographiques communes,306021,(Paramètres météorologiques de la station d'observation des marées),,301012,"Heure, minute",,,,Operational,Original
bufr4/3/06/021/4/022122,06,Séquences météorologiques ou océanographiques communes,306021,(Paramètres météorologiques de la station d'observation des marées),,022122,Vérification automatique des données météorologiques à la station d'observation des marées,,,,Operational,Original
bufr4/3/06/021/5/022123,06,Séquences météorologiques ou océanographiques communes,306021,(Paramètres météorologiques de la station d'observation des marées),,022123,Vérification manuelle des données météorologiques à la station d'observation des marées,,,,Operational,Original
bufr4/3/06/021/6/012001,06,Séquences météorologiques ou océanographiques communes,306021,(Paramètres météorologiques de la station d'observation des marées),,012001,Température/température de l'air,,,,Operational,Original
bufr4/3/06/021/7/303002,06,Séquences météorologiques ou océanographiques communes,306021,(Paramètres météorologiques de la station d'observation des marées),,303002,Vent au niveau de pression,,,,Operational,Original
bufr4/3/06/022/1/001075,06,Séquences météorologiques ou océanographiques communes,306022,(Hauteur des marées),,001075,Identification de la station d'observation des marées,,,,Operational,Original
bufr4/3/06/022/2/301011,06,Séquences météorologiques ou océanographiques communes,306022,(Hauteur des marées),,301011,"Année, mois, jour",,,,Operational,Original
bufr4/3/06/022/3/301012,06,Séquences météorologiques ou océanographiques communes,306022,(Hauteur des marées),,301012,"Heure, minute",,,,Operational,Original
bufr4/3/06/022/4/022038,06,Séquences météorologiques ou océanographiques communes,306022,(Hauteur des marées),,022038,Hauteur de marée par rapport aux zéros hydrographiques locaux,,,,Operational,Original
bufr4/3/06/022/5/022039,06,Séquences météorologiques ou océanographiques communes,306022,(Hauteur des marées),,022039,Hauteur de marée résiduelle météorologique,,,,Operational,Original
bufr4/3/06/023/1/001015,06,Séquences météorologiques ou océanographiques communes,306023,,,001015,Nom de la station ou du site,,,,Operational,Original
bufr4/3/06/023/2/301023,06,Séquences météorologiques ou océanographiques communes,306023,,,301023,Latitude/longitude (faible précision),,,,Operational,Original
bufr4/3/06/023/3/301011,06,Séquences météorologiques ou océanographiques communes,306023,,,301011,"Année, mois, jour",,,,Operational,Original
bufr4/3/06/023/4/301012,06,Séquences météorologiques ou océanographiques communes,306023,,,301012,"Heure, minute",,,,Operational,Original
bufr4/3/06/023/5/022038,06,Séquences météorologiques ou océanographiques communes,306023,,,022038,Hauteur de marée par rapport aux zéros hydrographiques locaux,,,,Operational,Original
bufr4/3/06/023/6/022039,06,Séquences météorologiques ou océanographiques communes,306023,,,022039,Hauteur de marée résiduelle météorologique,,,,Operational,Original
bufr4/3/06/023/7/022120,06,Séquences météorologiques ou océanographiques communes,306023,,,022120,Vérification automatique du niveau d'eau à la station d'observation des marées,,,,Operational,Original
bufr4/3/06/023/8/022121,06,Séquences météorologiques ou océanographiques communes,306023,,,022121,Vérification manuelle du niveau d'eau à la station d'observation des marées,,,,Operational,Original
bufr4/3/06/024/1/306020,06,Séquences météorologiques ou océanographiques communes,306024,(Série sur la hauteur des marées),,306020,"Identification du message sur les marées, vérification du niveau d'eau, période ou décalage dans le temps, incrément temporel",,(voir note 3),68,Operational,Original
bufr4/3/06/024/2/102006,06,Séquences météorologiques ou océanographiques communes,306024,(Série sur la hauteur des marées),,102006,Répéter 2 descripteurs 6 fois,,(voir note 3),68,Operational,Original
bufr4/3/06/024/3/022038,06,Séquences météorologiques ou océanographiques communes,306024,(Série sur la hauteur des marées),,022038,Hauteur de marée par rapport aux zéros hydrographiques locaux,,(voir note 3),68,Operational,Original
bufr4/3/06/024/4/022039,06,Séquences météorologiques ou océanographiques communes,306024,(Série sur la hauteur des marées),,022039,Hauteur de marée résiduelle météorologique,,(voir note 3),68,Operational,Original
bufr4/3/06/025/1/306019,06,Séquences météorologiques ou océanographiques communes,306025,(Série sur la hauteur des marées),,306019,"Identification du message sur les marées, vérification du niveau d'eau, incrément temporel",,,,Operational,Original
bufr4/3/06/025/2/102006,06,Séquences météorologiques ou océanographiques communes,306025,(Série sur la hauteur des marées),,102006,Répéter 2 descripteurs 6 fois,,,,Operational,Original
bufr4/3/06/025/3/022038,06,Séquences météorologiques ou océanographiques communes,306025,(Série sur la hauteur des marées),,022038,Hauteur de marée par rapport aux zéros hydrographiques locaux,,,,Operational,Original
bufr4/3/06/025/4/022039,06,Séquences météorologiques ou océanographiques communes,306025,(Série sur la hauteur des marées),,022039,Hauteur de marée résiduelle météorologique,,,,Operational,Original
bufr4/3/06/027/1/001005,06,Séquences météorologiques ou océanographiques communes,306027,"(Séquence pour la représentation de l'identification de la bouée DART, de l'identification de l'émetteur, du type de tsunamimètre et de l'heure de la transmission du message au système au sol)",,001005,Indicateur d'identification de la bouée ou de la plate-forme,,,,Operational,Original
bufr4/3/06/027/2/001052,06,Séquences météorologiques ou océanographiques communes,306027,"(Séquence pour la représentation de l'identification de la bouée DART, de l'identification de l'émetteur, du type de tsunamimètre et de l'heure de la transmission du message au système au sol)",,001052,Indicateur d'identification de l'émetteur de la plate-forme,,,,Operational,Original
bufr4/3/06/027/3/002047,06,Séquences météorologiques ou océanographiques communes,306027,"(Séquence pour la représentation de l'identification de la bouée DART, de l'identification de l'émetteur, du type de tsunamimètre et de l'heure de la transmission du message au système au sol)",,002047,Type du tsunamimètre installé à grande profondeur,,,,Operational,Original
bufr4/3/06/027/4/301011,06,Séquences météorologiques ou océanographiques communes,306027,"(Séquence pour la représentation de l'identification de la bouée DART, de l'identification de l'émetteur, du type de tsunamimètre et de l'heure de la transmission du message au système au sol)",,301011,"Année, mois, jour",Date de la transmission du message au système au sol,,,Operational,Original
bufr4/3/06/027/5/301013,06,Séquences météorologiques ou océanographiques communes,306027,"(Séquence pour la représentation de l'identification de la bouée DART, de l'identification de l'émetteur, du type de tsunamimètre et de l'heure de la transmission du message au système au sol)",,301013,"Heure, minute, seconde",,,,Operational,Original
bufr4/3/06/028/1/306027,06,Séquences météorologiques ou océanographiques communes,306028,(Séquence pour la représentation de l'heure de l'observation et du message journalier sur la position de la bouée DART),,306027,"Séquence pour la représentation de l'identification de la bouée DART, de l'identification de l'émetteur, du type de tsunamimètre et de l'heure de la transmission du message au système au sol",,,,Operational,Original
bufr4/3/06/028/2/301011,06,Séquences météorologiques ou océanographiques communes,306028,(Séquence pour la représentation de l'heure de l'observation et du message journalier sur la position de la bouée DART),,301011,"Année, mois, jour",Date de l'observation,,,Operational,Original
bufr4/3/06/028/3/301013,06,Séquences météorologiques ou océanographiques communes,306028,(Séquence pour la représentation de l'heure de l'observation et du message journalier sur la position de la bouée DART),,301013,"Heure, minute, seconde",,,,Operational,Original
bufr4/3/06/028/4/301021,06,Séquences météorologiques ou océanographiques communes,306028,(Séquence pour la représentation de l'heure de l'observation et du message journalier sur la position de la bouée DART),,301021,Latitude/longitude (précision élevée),,,,Operational,Original
bufr4/3/06/029/1/025170,06,Séquences météorologiques ou océanographiques communes,306029,(Séquence pour la représentation des informations d'échantillonnage provenant du tsunamimètre relatives aux hauteurs de la colonne d'eau dans les séries chronologiques),,025170,Intervalle d'échantillonnage (temps),Secondes,,,Operational,Original
bufr4/3/06/029/2/025171,06,Séquences météorologiques ou océanographiques communes,306029,(Séquence pour la représentation des informations d'échantillonnage provenant du tsunamimètre relatives aux hauteurs de la colonne d'eau dans les séries chronologiques),,025171,Période à laquelle correspond la valeur moyenne de l'échantillon,Secondes,,,Operational,Original
bufr4/3/06/029/3/025172,06,Séquences météorologiques ou océanographiques communes,306029,(Séquence pour la représentation des informations d'échantillonnage provenant du tsunamimètre relatives aux hauteurs de la colonne d'eau dans les séries chronologiques),,025172,Nombre d'échantillons,,,,Operational,Original
bufr4/3/06/030/1/306027,06,Séquences météorologiques ou océanographiques communes,306030,(Séquence pour la représentation du message horaire standard provenant de la bouée DART),,306027,"Séquence pour la représentation de l'identification de la bouée DART, de l'identification de l'émetteur, du type de tsunamimètre et de l'heure de la transmission du message au système au sol",,,,Operational,Original
bufr4/3/06/030/2/306029,06,Séquences météorologiques ou océanographiques communes,306030,(Séquence pour la représentation du message horaire standard provenant de la bouée DART),,306029,Séquence pour la représentation des informations d'échantillonnage provenant du tsunamimètre relatives aux hauteurs de la colonne d'eau dans les séries chronologiques,,,,Operational,Original
bufr4/3/06/030/3/111000,06,Séquences météorologiques ou océanographiques communes,306030,(Séquence pour la représentation du message horaire standard provenant de la bouée DART),,111000,Répétition différée de 11 descripteurs,,,,Operational,Original
bufr4/3/06/030/4/031001,06,Séquences météorologiques ou océanographiques communes,306030,(Séquence pour la représentation du message horaire standard provenant de la bouée DART),,031001,Facteur de répétition différée du descripteur,,,,Operational,Original
bufr4/3/06/030/5/033002,06,Séquences météorologiques ou océanographiques communes,306030,(Séquence pour la représentation du message horaire standard provenant de la bouée DART),,033002,Informations sur la qualité,État du message,,,Operational,Original
bufr4/3/06/030/6/301011,06,Séquences météorologiques ou océanographiques communes,306030,(Séquence pour la représentation du message horaire standard provenant de la bouée DART),,301011,"Année, mois, jour",Date et heure de référence pour les séries chronologiques,,,Operational,Original
bufr4/3/06/030/7/301013,06,Séquences météorologiques ou océanographiques communes,306030,(Séquence pour la représentation du message horaire standard provenant de la bouée DART),,301013,"Heure, minute, seconde",,,,Operational,Original
bufr4/3/06/030/8/025025,06,Séquences météorologiques ou océanographiques communes,306030,(Séquence pour la représentation du message horaire standard provenant de la bouée DART),,025025,Voltage de la batterie,Unité centrale du BPR,,,Operational,Original
bufr4/3/06/030/9/025025,06,Séquences météorologiques ou océanographiques communes,306030,(Séquence pour la représentation du message horaire standard provenant de la bouée DART),,025025,Voltage de la batterie,DSP du modem acoustique,,,Operational,Original
bufr4/3/06/030/10/025026,06,Séquences météorologiques ou océanographiques communes,306030,(Séquence pour la représentation du message horaire standard provenant de la bouée DART),,025026,Voltage de la batterie (grande portée),Modem acoustique,,,Operational,Original
bufr4/3/06/030/11/022185,06,Séquences météorologiques ou océanographiques communes,306030,(Séquence pour la représentation du message horaire standard provenant de la bouée DART),,022185,Nombre de transmissions du BPR,,,,Operational,Original
bufr4/3/06/030/12/004015,06,Séquences météorologiques ou océanographiques communes,306030,(Séquence pour la représentation du message horaire standard provenant de la bouée DART),,004015,Incrément temporel,Ajouté pour réinitialiser l'heure de référence,,,Operational,Original
bufr4/3/06/030/13/004065,06,Séquences météorologiques ou océanographiques communes,306030,(Séquence pour la représentation du message horaire standard provenant de la bouée DART),,004065,Incrément de courte durée,Ajouté à chaque valeur dans les séries chronologiques,,,Operational,Original
bufr4/3/06/030/14/101004,06,Séquences météorologiques ou océanographiques communes,306030,(Séquence pour la représentation du message horaire standard provenant de la bouée DART),,101004,Répéter 1 descripteur 4 fois,,,,Operational,Original
bufr4/3/06/030/15/022182,06,Séquences météorologiques ou océanographiques communes,306030,(Séquence pour la représentation du message horaire standard provenant de la bouée DART),,022182,Hauteur de la colonne d'eau,,,,Operational,Original
bufr4/3/06/031/1/306027,06,Séquences météorologiques ou océanographiques communes,306031,(Séquence pour la représentation des messages relatifs à des tsunamis provenant de la bouée DART et des messages étendus relatifs à des tsunamis),,306027,"Séquence pour la représentation de l'identification de la bouée DART, de l'identification de l'émetteur, du type de tsunamimètre et de l'heure de la transmission du message au système au sol",,,,Operational,Original
bufr4/3/06/031/2/306029,06,Séquences météorologiques ou océanographiques communes,306031,(Séquence pour la représentation des messages relatifs à des tsunamis provenant de la bouée DART et des messages étendus relatifs à des tsunamis),,306029,Séquence pour la représentation des informations d'échantillonnage provenant du tsunamimètre relatives aux hauteurs de la colonne d'eau dans les séries chronologiques,,,,Operational,Original
bufr4/3/06/031/3/001053,06,Séquences météorologiques ou océanographiques communes,306031,(Séquence pour la représentation des messages relatifs à des tsunamis provenant de la bouée DART et des messages étendus relatifs à des tsunamis),,001053,Numéro de séquence pour les messages provenant du tsunamimètre déclenchés par un tsunami,,,,Operational,Original
bufr4/3/06/031/4/033002,06,Séquences météorologiques ou océanographiques communes,306031,(Séquence pour la représentation des messages relatifs à des tsunamis provenant de la bouée DART et des messages étendus relatifs à des tsunamis),,033002,Informations sur la qualité,État du message,,,Operational,Original
bufr4/3/06/031/5/301011,06,Séquences météorologiques ou océanographiques communes,306031,(Séquence pour la représentation des messages relatifs à des tsunamis provenant de la bouée DART et des messages étendus relatifs à des tsunamis),,301011,"Année, mois, jour",Date à laquelle le tsunami a été détecté,,,Operational,Original
bufr4/3/06/031/6/301013,06,Séquences météorologiques ou océanographiques communes,306031,(Séquence pour la représentation des messages relatifs à des tsunamis provenant de la bouée DART et des messages étendus relatifs à des tsunamis),,301013,"Heure, minute, seconde",,,,Operational,Original
bufr4/3/06/031/7/301011,06,Séquences météorologiques ou océanographiques communes,306031,(Séquence pour la représentation des messages relatifs à des tsunamis provenant de la bouée DART et des messages étendus relatifs à des tsunamis),,301011,"Année, mois, jour",Date et heure de référence pour les séries chronologiques,,,Operational,Original
bufr4/3/06/031/8/301013,06,Séquences météorologiques ou océanographiques communes,306031,(Séquence pour la représentation des messages relatifs à des tsunamis provenant de la bouée DART et des messages étendus relatifs à des tsunamis),,301013,"Heure, minute, seconde",,,,Operational,Original
bufr4/3/06/031/9/022185,06,Séquences météorologiques ou océanographiques communes,306031,(Séquence pour la représentation des messages relatifs à des tsunamis provenant de la bouée DART et des messages étendus relatifs à des tsunamis),,022185,Nombre de transmissions du BPR,,,,Operational,Original
bufr4/3/06/031/10/022182,06,Séquences météorologiques ou océanographiques communes,306031,(Séquence pour la représentation des messages relatifs à des tsunamis provenant de la bouée DART et des messages étendus relatifs à des tsunamis),,022182,Hauteur de la colonne d'eau,Détermination de la valeur réelle transmise dans les séries chronologiques,,,Operational,Original
bufr4/3/06/031/11/004016,06,Séquences météorologiques ou océanographiques communes,306031,(Séquence pour la représentation des messages relatifs à des tsunamis provenant de la bouée DART et des messages étendus relatifs à des tsunamis),,004016,Incrément temporel,Ajouté pour réinitialiser l'heure de référence,,,Operational,Original
bufr4/3/06/031/12/004066,06,Séquences météorologiques ou océanographiques communes,306031,(Séquence pour la représentation des messages relatifs à des tsunamis provenant de la bouée DART et des messages étendus relatifs à des tsunamis),,004066,Incrément temporel de courte durée,Ajouté à chaque valeur dans les séries chronologiques,,,Operational,Original
bufr4/3/06/031/13/101000,06,Séquences météorologiques ou océanographiques communes,306031,(Séquence pour la représentation des messages relatifs à des tsunamis provenant de la bouée DART et des messages étendus relatifs à des tsunamis),,101000,Répétition différée de 1 descripteur,,,,Operational,Original
bufr4/3/06/031/14/031001,06,Séquences météorologiques ou océanographiques communes,306031,(Séquence pour la représentation des messages relatifs à des tsunamis provenant de la bouée DART et des messages étendus relatifs à des tsunamis),,031001,Facteur de répétition différée du descripteur,,,,Operational,Original
bufr4/3/06/031/15/022184,06,Séquences météorologiques ou océanographiques communes,306031,(Séquence pour la représentation des messages relatifs à des tsunamis provenant de la bouée DART et des messages étendus relatifs à des tsunamis),,022184,Écart de la hauteur de la colonne d'eau par rapport à la valeur de référence,,,,Operational,Original
bufr4/3/06/033/1/002033,06,Séquences météorologiques ou océanographiques communes,306033,(Salinité de surface),,002033,Méthode de mesure de la salinité en fonction de la profondeur,,,,Operational,Original
bufr4/3/06/033/2/007063,06,Séquences météorologiques ou océanographiques communes,306033,(Salinité de surface),,007063,Profondeur sous la surface de la mer/ de l'eau (cm),,,,Operational,Original
bufr4/3/06/033/3/022064,06,Séquences météorologiques ou océanographiques communes,306033,(Salinité de surface),,022064,Salinité,,,,Operational,Original
bufr4/3/06/034/1/002031,06,Séquences météorologiques ou océanographiques communes,306034,(Courant de surface),,002031,Durée et heure de la mesure du courant,,,,Operational,Original
bufr4/3/06/034/2/003010,06,Séquences météorologiques ou océanographiques communes,306034,(Courant de surface),,003010,Méthode de mesure du courant en mer ou dans une autre masse d'eau,,,,Operational,Original
bufr4/3/06/034/3/002040,06,Séquences météorologiques ou océanographiques communes,306034,(Courant de surface),,002040,Méthode d'élimination des effets de la vitesse et du mouvement de la plate-forme dans les mesures de courant,,,,Operational,Original
bufr4/3/06/034/4/022005,06,Séquences météorologiques ou océanographiques communes,306034,(Courant de surface),,022005,Direction du courant marin de surface,,,,Operational,Original
bufr4/3/06/034/5/022032,06,Séquences météorologiques ou océanographiques communes,306034,(Courant de surface),,022032,Vitesse du courant marin de surface,,,,Operational,Original
bufr4/3/06/035/1/112000,06,Séquences météorologiques ou océanographiques communes,306035,(Profil de la température et de la salinité),,112000,Répétition différée de 12 descripteurs,,,,Operational,Original
bufr4/3/06/035/2/031002,06,Séquences météorologiques ou océanographiques communes,306035,(Profil de la température et de la salinité),,031002,Facteur élargi de répétition différée du descripteur,,,,Operational,Original
bufr4/3/06/035/3/007062,06,Séquences météorologiques ou océanographiques communes,306035,(Profil de la température et de la salinité),,007062,Profondeur sous la surface de la mer/ de l'eau,En mètres,,,Operational,Original
bufr4/3/06/035/4/008080,06,Séquences météorologiques ou océanographiques communes,306035,(Profil de la température et de la salinité),,008080,Identificateur de l'indicateur de qualité pour le GTSPP,= 13 Profondeur à un niveau donné,,,Operational,Original
bufr4/3/06/035/5/033050,06,Séquences météorologiques ou océanographiques communes,306035,(Profil de la température et de la salinité),,033050,Indicateur de qualité global pour le GTSPP,,,,Operational,Original
bufr4/3/06/035/6/007065,06,Séquences météorologiques ou océanographiques communes,306035,(Profil de la température et de la salinité),,007065,Pression hydrostatique,,,,Operational,Original
bufr4/3/06/035/7/008080,06,Séquences météorologiques ou océanographiques communes,306035,(Profil de la température et de la salinité),,008080,Identificateur de l'indicateur de qualité pour le GTSPP,= 10 Pression à un niveau donné,,,Operational,Original
bufr4/3/06/035/8/033050,06,Séquences météorologiques ou océanographiques communes,306035,(Profil de la température et de la salinité),,033050,Indicateur de qualité global pour le GTSPP,,,,Operational,Original
bufr4/3/06/035/9/022043,06,Séquences météorologiques ou océanographiques communes,306035,(Profil de la température et de la salinité),,022043,Température de la mer/de l'eau,,,,Operational,Original
bufr4/3/06/035/10/008080,06,Séquences météorologiques ou océanographiques communes,306035,(Profil de la température et de la salinité),,008080,Identificateur de l'indicateur de qualité pour le GTSPP,= 11 Température à un niveau donné,,,Operational,Original
bufr4/3/06/035/11/033050,06,Séquences météorologiques ou océanographiques communes,306035,(Profil de la température et de la salinité),,033050,Indicateur de qualité global pour le GTSPP,,,,Operational,Original
bufr4/3/06/035/12/022064,06,Séquences météorologiques ou océanographiques communes,306035,(Profil de la température et de la salinité),,022064,Salinité,= 12 Salinité à un niveau donné,,,Operational,Original
bufr4/3/06/035/13/008080,06,Séquences météorologiques ou océanographiques communes,306035,(Profil de la température et de la salinité),,008080,Identificateur de l'indicateur de qualité pour le GTSPP,,,,Operational,Original
bufr4/3/06/035/14/033050,06,Séquences météorologiques ou océanographiques communes,306035,(Profil de la température et de la salinité),,033050,Indicateur de qualité global pour le GTSPP,,,,Operational,Original
bufr4/3/06/036/1/112000,06,Séquences météorologiques ou océanographiques communes,306036,(Profil du courant),,112000,Répétition différée de 12 descripteurs,,,,Operational,Original
bufr4/3/06/036/2/031002,06,Séquences météorologiques ou océanographiques communes,306036,(Profil du courant),,031002,Facteur élargi de répétition différée du descripteur,,,,Operational,Original
bufr4/3/06/036/3/007062,06,Séquences météorologiques ou océanographiques communes,306036,(Profil du courant),,007062,Profondeur sous la surface de la mer/ de l'eau,En mètres,,,Operational,Original
bufr4/3/06/036/4/008080,06,Séquences météorologiques ou océanographiques communes,306036,(Profil du courant),,008080,Identificateur de l'indicateur de qualité pour le GTSPP,= 13 Profondeur à un niveau donné,,,Operational,Original
bufr4/3/06/036/5/033050,06,Séquences météorologiques ou océanographiques communes,306036,(Profil du courant),,033050,Indicateur de qualité global pour le GTSPP,,,,Operational,Original
bufr4/3/06/036/6/007065,06,Séquences météorologiques ou océanographiques communes,306036,(Profil du courant),,007065,Pression hydrostatique,,,,Operational,Original
bufr4/3/06/036/7/008080,06,Séquences météorologiques ou océanographiques communes,306036,(Profil du courant),,008080,Identificateur de l'indicateur de qualité pour le GTSPP,= 10 Pression à un niveau donné,,,Operational,Original
bufr4/3/06/036/8/033050,06,Séquences météorologiques ou océanographiques communes,306036,(Profil du courant),,033050,Indicateur de qualité global pour le GTSPP,,,,Operational,Original
bufr4/3/06/036/9/022031,06,Séquences météorologiques ou océanographiques communes,306036,(Profil du courant),,022031,Vitesse du courant,,,,Operational,Original
bufr4/3/06/036/10/008080,06,Séquences météorologiques ou océanographiques communes,306036,(Profil du courant),,008080,Identificateur de l'indicateur de qualité pour le GTSPP,= 14 Vitesse du courant à un niveau donné,,,Operational,Original
bufr4/3/06/036/11/033050,06,Séquences météorologiques ou océanographiques communes,306036,(Profil du courant),,033050,Indicateur de qualité global pour le GTSPP,,,,Operational,Original
bufr4/3/06/036/12/022004,06,Séquences météorologiques ou océanographiques communes,306036,(Profil du courant),,022004,Direction du courant,,,,Operational,Original
bufr4/3/06/036/13/008080,06,Séquences météorologiques ou océanographiques communes,306036,(Profil du courant),,008080,Identificateur de l'indicateur de qualité pour le GTSPP,= 15 Direction du courant à un niveau donné,,,Operational,Original
bufr4/3/06/036/14/033050,06,Séquences météorologiques ou océanographiques communes,306036,(Profil du courant),,033050,Indicateur de qualité global pour le GTSPP,,,,Operational,Original
bufr4/3/06/037/1/109000,06,Séquences météorologiques ou océanographiques communes,306037,(Données du profil de l'oxygène dissous),,109000,Répétition différée de 9 descripteurs,,,,Operational,Original
bufr4/3/06/037/2/031002,06,Séquences météorologiques ou océanographiques communes,306037,(Données du profil de l'oxygène dissous),,031002,Facteur élargi de répétition différée du descripteur,,,,Operational,Original
bufr4/3/06/037/3/007062,06,Séquences météorologiques ou océanographiques communes,306037,(Données du profil de l'oxygène dissous),,007062,Profondeur sous la surface de la mer/ de l'eau,,,,Operational,Original
bufr4/3/06/037/4/008080,06,Séquences météorologiques ou océanographiques communes,306037,(Données du profil de l'oxygène dissous),,008080,Identificateur de l'indicateur de qualité pour le GTSPP,= 13 Profondeur à un niveau donné,,,Operational,Original
bufr4/3/06/037/5/033050,06,Séquences météorologiques ou océanographiques communes,306037,(Données du profil de l'oxygène dissous),,033050,Indicateur de qualité global pour le GTSPP,,,,Operational,Original
bufr4/3/06/037/6/007065,06,Séquences météorologiques ou océanographiques communes,306037,(Données du profil de l'oxygène dissous),,007065,Pression hydrostatique,,,,Operational,Original
bufr4/3/06/037/7/008080,06,Séquences météorologiques ou océanographiques communes,306037,(Données du profil de l'oxygène dissous),,008080,Identificateur de l'indicateur de qualité pour le GTSPP,= 10 Pression à un niveau donné,,,Operational,Original
bufr4/3/06/037/8/033050,06,Séquences météorologiques ou océanographiques communes,306037,(Données du profil de l'oxygène dissous),,033050,Indicateur de qualité global pour le GTSPP,,,,Operational,Original
bufr4/3/06/037/9/022188,06,Séquences météorologiques ou océanographiques communes,306037,(Données du profil de l'oxygène dissous),,022188,Oxygène dissous,,,,Operational,Original
bufr4/3/06/037/10/008080,06,Séquences météorologiques ou océanographiques communes,306037,(Données du profil de l'oxygène dissous),,008080,Identificateur de l'indicateur de qualité pour le GTSPP,= 16 Oxygène dissous à un niveau donné,,,Operational,Original
bufr4/3/06/037/11/033050,06,Séquences météorologiques ou océanographiques communes,306037,(Données du profil de l'oxygène dissous),,033050,Indicateur de qualité global pour le GTSPP,,,,Operational,Original
bufr4/3/06/038/1/010004,06,Séquences météorologiques ou océanographiques communes,306038,(Séquence pour la représentation des observations standard de météorologie maritime de surface au moyen de bouées ancrées),,010004,Pression,,,,Operational,Original
bufr4/3/06/038/2/010051,06,Séquences météorologiques ou océanographiques communes,306038,(Séquence pour la représentation des observations standard de météorologie maritime de surface au moyen de bouées ancrées),,010051,Pression ramenée au niveau moyen de la mer,,,,Operational,Original
bufr4/3/06/038/3/007033,06,Séquences météorologiques ou océanographiques communes,306038,(Séquence pour la représentation des observations standard de météorologie maritime de surface au moyen de bouées ancrées),,007033,Hauteur du capteur au-dessus de la surface de l'eau,Hauteur du capteur de température/ d'humidité atmosphérique,,,Operational,Original
bufr4/3/06/038/4/012101,06,Séquences météorologiques ou océanographiques communes,306038,(Séquence pour la représentation des observations standard de météorologie maritime de surface au moyen de bouées ancrées),,012101,Température/température de l'air,À la hauteur du capteur,,,Operational,Original
bufr4/3/06/038/5/012103,06,Séquences météorologiques ou océanographiques communes,306038,(Séquence pour la représentation des observations standard de météorologie maritime de surface au moyen de bouées ancrées),,012103,Point de rosée,À la hauteur du capteur,,,Operational,Original
bufr4/3/06/038/6/013003,06,Séquences météorologiques ou océanographiques communes,306038,(Séquence pour la représentation des observations standard de météorologie maritime de surface au moyen de bouées ancrées),,013003,Humidité relative,Quelle que soit la température de l'eau,,,Operational,Original
bufr4/3/06/038/7/007033,06,Séquences météorologiques ou océanographiques communes,306038,(Séquence pour la représentation des observations standard de météorologie maritime de surface au moyen de bouées ancrées),,007033,Hauteur du capteur au-dessus de la surface de l'eau,Hauteur du capteur de vitesse du vent,,,Operational,Original
bufr4/3/06/038/8/008021,06,Séquences météorologiques ou océanographiques communes,306038,(Séquence pour la représentation des observations standard de météorologie maritime de surface au moyen de bouées ancrées),,008021,Caractéristique temporelle,=2 Moyenne sur une certaine période,,,Operational,Original
bufr4/3/06/038/9/004025,06,Séquences météorologiques ou océanographiques communes,306038,(Séquence pour la représentation des observations standard de météorologie maritime de surface au moyen de bouées ancrées),,004025,Période ou décalage dans le temps,Période pendant laquelle est établie la moyenne des vents,,,Operational,Original
bufr4/3/06/038/10/011001,06,Séquences météorologiques ou océanographiques communes,306038,(Séquence pour la représentation des observations standard de météorologie maritime de surface au moyen de bouées ancrées),,011001,Direction du vent,À la hauteur du capteur,,,Operational,Original
bufr4/3/06/038/11/011002,06,Séquences météorologiques ou océanographiques communes,306038,(Séquence pour la représentation des observations standard de météorologie maritime de surface au moyen de bouées ancrées),,011002,Vitesse du vent,À la hauteur du capteur,,,Operational,Original
bufr4/3/06/038/12/008021,06,Séquences météorologiques ou océanographiques communes,306038,(Séquence pour la représentation des observations standard de météorologie maritime de surface au moyen de bouées ancrées),,008021,Caractéristique temporelle,Mis à valeur manquante (annuler),,,Operational,Original
bufr4/3/06/038/13/004025,06,Séquences météorologiques ou océanographiques communes,306038,(Séquence pour la représentation des observations standard de météorologie maritime de surface au moyen de bouées ancrées),,004025,Période ou décalage dans le temps,Période pendant laquelle la rafale maximale a été observée,,,Operational,Original
bufr4/3/06/038/14/011041,06,Séquences météorologiques ou océanographiques communes,306038,(Séquence pour la représentation des observations standard de météorologie maritime de surface au moyen de bouées ancrées),,011041,Vitesse de la rafale maximale,,,,Operational,Original
bufr4/3/06/038/15/004025,06,Séquences météorologiques ou océanographiques communes,306038,(Séquence pour la représentation des observations standard de météorologie maritime de surface au moyen de bouées ancrées),,004025,Période ou décalage dans le temps,Mis à valeur manquante (annuler),,,Operational,Original
bufr4/3/06/038/16/007033,06,Séquences météorologiques ou océanographiques communes,306038,(Séquence pour la représentation des observations standard de météorologie maritime de surface au moyen de bouées ancrées),,007033,Hauteur du capteur au-dessus de la surface de l'eau,Mis à valeur manquante (annuler),,,Operational,Original
bufr4/3/06/038/17/002005,06,Séquences météorologiques ou océanographiques communes,306038,(Séquence pour la représentation des observations standard de météorologie maritime de surface au moyen de bouées ancrées),,002005,Précision des observations de la température,,,,Operational,Original
bufr4/3/06/038/18/007063,06,Séquences météorologiques ou océanographiques communes,306038,(Séquence pour la représentation des observations standard de météorologie maritime de surface au moyen de bouées ancrées),,007063,Profondeur sous la surface de la mer/ de l'eau (cm),,,,Operational,Original
bufr4/3/06/038/19/022049,06,Séquences météorologiques ou océanographiques communes,306038,(Séquence pour la représentation des observations standard de météorologie maritime de surface au moyen de bouées ancrées),,022049,Température de surface de la mer,,,,Operational,Original
bufr4/3/06/039/1/022078,06,Séquences météorologiques ou océanographiques communes,306039,(Séquence pour la représentation des mesures de base des vagues),,022078,Durée de l'enregistrement des vagues,,,,Operational,Original
bufr4/3/06/039/2/022070,06,Séquences météorologiques ou océanographiques communes,306039,(Séquence pour la représentation des mesures de base des vagues),,022070,Hauteur significative des vagues,,,,Operational,Original
bufr4/3/06/039/3/022073,06,Séquences météorologiques ou océanographiques communes,306039,(Séquence pour la représentation des mesures de base des vagues),,022073,Hauteur maximale des vagues,,,,Operational,Original
bufr4/3/06/039/4/022074,06,Séquences météorologiques ou océanographiques communes,306039,(Séquence pour la représentation des mesures de base des vagues),,022074,Période moyenne des vagues,,,,Operational,Original
bufr4/3/06/039/5/022071,06,Séquences météorologiques ou océanographiques communes,306039,(Séquence pour la représentation des mesures de base des vagues),,022071,Période spectrale maximale des vagues,,,,Operational,Original
bufr4/3/06/039/6/022076,06,Séquences météorologiques ou océanographiques communes,306039,(Séquence pour la représentation des mesures de base des vagues),,022076,Direction d'où viennent les vagues dominantes,,,,Operational,Original
bufr4/3/06/039/7/022077,06,Séquences météorologiques ou océanographiques communes,306039,(Séquence pour la représentation des mesures de base des vagues),,022077,Dispersion directionnelle de la vague dominante,,,,Operational,Original
bufr4/3/06/040/1/022078,06,Séquences météorologiques ou océanographiques communes,306040,(Séquence pour la représentation des mesures détaillées du spectre des vagues),,022078,Durée de l'enregistrement des vagues,,,,Operational,Original
bufr4/3/06/040/2/022082,06,Séquences météorologiques ou océanographiques communes,306040,(Séquence pour la représentation des mesures détaillées du spectre des vagues),,022082,Densité maximale d'ondes à spectres non directionnels,,,,Operational,Original
bufr4/3/06/040/3/106000,06,Séquences météorologiques ou océanographiques communes,306040,(Séquence pour la représentation des mesures détaillées du spectre des vagues),,106000,Répétition différée de 6 descripteurs,,,,Operational,Original
bufr4/3/06/040/4/031001,06,Séquences météorologiques ou océanographiques communes,306040,(Séquence pour la représentation des mesures détaillées du spectre des vagues),,031001,Facteur de répétition différée du descripteur,Nombre de groupes de fréquence,,,Operational,Original
bufr4/3/06/040/5/022080,06,Séquences météorologiques ou océanographiques communes,306040,(Séquence pour la représentation des mesures détaillées du spectre des vagues),,022080,Fréquence centrale des bandes d'ondes,,,,Operational,Original
bufr4/3/06/040/6/022069,06,Séquences météorologiques ou océanographiques communes,306040,(Séquence pour la représentation des mesures détaillées du spectre des vagues),,022069,Densité spectrale des vagues,,,,Operational,Original
bufr4/3/06/040/7/022086,06,Séquences météorologiques ou océanographiques communes,306040,(Séquence pour la représentation des mesures détaillées du spectre des vagues),,022086,Direction d'où viennent les vagues (valeur moyenne),,,,Operational,Original
bufr4/3/06/040/8/022087,06,Séquences météorologiques ou océanographiques communes,306040,(Séquence pour la représentation des mesures détaillées du spectre des vagues),,022087,Direction principale d'où viennent les vagues,,,,Operational,Original
bufr4/3/06/040/9/022088,06,Séquences météorologiques ou océanographiques communes,306040,(Séquence pour la représentation des mesures détaillées du spectre des vagues),,022088,Première coordonnée polaire normalisée dérivée des coefficients de Fourier,,,,Operational,Original
bufr4/3/06/040/10/022089,06,Séquences météorologiques ou océanographiques communes,306040,(Séquence pour la représentation des mesures détaillées du spectre des vagues),,022089,Deuxième coordonnée polaire normalisée dérivée des coefficients de Fourier,,,,Operational,Original
bufr4/3/06/041/1/002032,06,Séquences météorologiques ou océanographiques communes,306041,(Profil de la profondeur et de la température (exactitude/précision élevée)),,002032,Indicateur de numérisation,= 0 Profondeurs des capteurs à poste fixe,,,Operational,Original
bufr4/3/06/041/2/102000,06,Séquences météorologiques ou océanographiques communes,306041,(Profil de la profondeur et de la température (exactitude/précision élevée)),,102000,Répétition différée de 2 descripteurs,,,,Operational,Original
bufr4/3/06/041/3/031001,06,Séquences météorologiques ou océanographiques communes,306041,(Profil de la profondeur et de la température (exactitude/précision élevée)),,031001,Facteur de répétition différée du descripteur,Nombre de profondeurs,,,Operational,Original
bufr4/3/06/041/4/007062,06,Séquences météorologiques ou océanographiques communes,306041,(Profil de la profondeur et de la température (exactitude/précision élevée)),,007062,Profondeur sous la surface de la mer/ de l'eau,,,,Operational,Original
bufr4/3/06/041/5/022043,06,Séquences météorologiques ou océanographiques communes,306041,(Profil de la profondeur et de la température (exactitude/précision élevée)),,022043,Température de la mer/de l'eau,,,,Operational,Original
bufr4/3/06/042/1/002169,06,Séquences météorologiques ou océanographiques communes,306042,(Mesure du vent au moyen de bouées dérivantes),,002169,Type d'anémomètre,"Ex. = 2 WOTAN, = 3 Anémomètre sonique",,,Operational,Original
bufr4/3/06/042/2/007033,06,Séquences météorologiques ou océanographiques communes,306042,(Mesure du vent au moyen de bouées dérivantes),,007033,Hauteur du capteur au-dessus de la surface de l'eau,Hauteur de l'anémomètre au-dessus de la surface de l'eau ou hauteur réelle pour WOTAN,,,Operational,Original
bufr4/3/06/042/3/008021,06,Séquences météorologiques ou océanographiques communes,306042,(Mesure du vent au moyen de bouées dérivantes),,008021,Caractéristique temporelle,= 2 Moyenne sur une certaine période,,,Operational,Original
bufr4/3/06/042/4/004025,06,Séquences météorologiques ou océanographiques communes,306042,(Mesure du vent au moyen de bouées dérivantes),,004025,Période ou décalage dans le temps,Période à laquelle correspond la valeur moyenne en minutes,,,Operational,Original
bufr4/3/06/042/5/011001,06,Séquences météorologiques ou océanographiques communes,306042,(Mesure du vent au moyen de bouées dérivantes),,011001,Direction du vent,À la hauteur du capteur,,,Operational,Original
bufr4/3/06/042/6/011002,06,Séquences météorologiques ou océanographiques communes,306042,(Mesure du vent au moyen de bouées dérivantes),,011002,Vitesse du vent,À la hauteur du capteur,,,Operational,Original
bufr4/3/06/043/1/041001,06,Séquences météorologiques ou océanographiques communes,306043,(Observations sur la biogéochimie et le rayonnement en milieu marin),,041001,pCO2,,,,Operational,Original
bufr4/3/06/043/2/008043,06,Séquences météorologiques ou océanographiques communes,306043,(Observations sur la biogéochimie et le rayonnement en milieu marin),,008043,Type de constituants chimiques ou physiques de l'atmosphère,Chiffré 3 (dioxyde de carbone),,,Operational,Original
bufr4/3/06/043/3/015028,06,Séquences météorologiques ou océanographiques communes,306043,(Observations sur la biogéochimie et le rayonnement en milieu marin),,015028,Fraction molaire du constituant/polluant atmosphérique en air sec,,,,Operational,Original
bufr4/3/06/043/4/008043,06,Séquences météorologiques ou océanographiques communes,306043,(Observations sur la biogéochimie et le rayonnement en milieu marin),,008043,Type de constituants chimiques ou physiques de l'atmosphère,Annuler,,,Operational,Original
bufr4/3/06/043/5/013080,06,Séquences météorologiques ou océanographiques communes,306043,(Observations sur la biogéochimie et le rayonnement en milieu marin),,013080,pH de l'eau,,,,Operational,Original
bufr4/3/06/043/6/041005,06,Séquences météorologiques ou océanographiques communes,306043,(Observations sur la biogéochimie et le rayonnement en milieu marin),,041005,Turbidité,,,,Operational,Original
bufr4/3/06/043/7/041003,06,Séquences météorologiques ou océanographiques communes,306043,(Observations sur la biogéochimie et le rayonnement en milieu marin),,041003,Nitrates dissous,,,,Operational,Original
bufr4/3/06/043/8/022188,06,Séquences météorologiques ou océanographiques communes,306043,(Observations sur la biogéochimie et le rayonnement en milieu marin),,022188,Oxygène dissous,,,,Operational,Original
bufr4/3/06/043/9/041002,06,Séquences météorologiques ou océanographiques communes,306043,(Observations sur la biogéochimie et le rayonnement en milieu marin),,041002,Fluorescence,,,,Operational,Original
bufr4/3/06/043/10/106000,06,Séquences météorologiques ou océanographiques communes,306043,(Observations sur la biogéochimie et le rayonnement en milieu marin),,106000,Répétition différée de 6 descripteurs,,,,Operational,Original
bufr4/3/06/043/11/031000,06,Séquences météorologiques ou océanographiques communes,306043,(Observations sur la biogéochimie et le rayonnement en milieu marin),,031000,Facteur de répétition légèrement différée du descripteur,,,,Operational,Original
bufr4/3/06/043/12/004024,06,Séquences météorologiques ou océanographiques communes,306043,(Observations sur la biogéochimie et le rayonnement en milieu marin),,004024,Période ou décalage dans le temps (en heures),Chiffré -1 (heure précédente),,,Operational,Original
bufr4/3/06/043/13/014002,06,Séquences météorologiques ou océanographiques communes,306043,(Observations sur la biogéochimie et le rayonnement en milieu marin),,014002,"Rayonnement de grande longueur d'onde, intégré sur une période déterminée",Rayonnement de grande longueur d'onde descendant,,,Operational,Original
bufr4/3/06/043/14/014002,06,Séquences météorologiques ou océanographiques communes,306043,(Observations sur la biogéochimie et le rayonnement en milieu marin),,014002,"Rayonnement de grande longueur d'onde, intégré sur une période déterminée",Rayonnement de grande longueur d'onde ascendant,,,Operational,Original
bufr4/3/06/043/15/014012,06,Séquences météorologiques ou océanographiques communes,306043,(Observations sur la biogéochimie et le rayonnement en milieu marin),,014012,"Bilan du rayonnement de grande longueur d'onde, intégré sur une période déterminée",,,,Operational,Original
bufr4/3/06/043/16/014004,06,Séquences météorologiques ou océanographiques communes,306043,(Observations sur la biogéochimie et le rayonnement en milieu marin),,014004,"Rayonnement de courte longueur d'onde, intégré sur une période déterminée",,,,Operational,Original
bufr4/3/06/043/17/004024,06,Séquences météorologiques ou océanographiques communes,306043,(Observations sur la biogéochimie et le rayonnement en milieu marin),,004024,Période ou décalage dans le temps (en heures),Annuler,,,Operational,Original
