ID,Category,CategoryOfSequences_es,FXY1,Title_es,SubTitle_es,FXY2,ElementName_es,ElementDescription_es,Note_es,noteIDs,Status,translation_source
bufr4/3/06/001/1/002032,06,Secuencias meteorológicas u oceanográficas comunes a las observaciones oceanográficas,306001,"(Profundidad, temperatura)",,002032,Indicador de digitalización,,,,Operational,PDF
bufr4/3/06/001/2/102000,06,Secuencias meteorológicas u oceanográficas comunes a las observaciones oceanográficas,306001,"(Profundidad, temperatura)",,102000,Repetición diferida de 2 descriptores,,,,Operational,PDF
bufr4/3/06/001/3/031001,06,Secuencias meteorológicas u oceanográficas comunes a las observaciones oceanográficas,306001,"(Profundidad, temperatura)",,031001,Factor de repetición diferida del descriptor,,,,Operational,PDF
bufr4/3/06/001/4/007062,06,Secuencias meteorológicas u oceanográficas comunes a las observaciones oceanográficas,306001,"(Profundidad, temperatura)",,007062,Profundidad por debajo de la superficie del mar/ agua,,,,Operational,PDF
bufr4/3/06/001/5/022042,06,Secuencias meteorológicas u oceanográficas comunes a las observaciones oceanográficas,306001,"(Profundidad, temperatura)",,022042,Temperatura del mar/agua,,,,Operational,PDF
bufr4/3/06/002/1/002031,06,Secuencias meteorológicas u oceanográficas comunes a las observaciones oceanográficas,306002,(Corriente),,002031,Duración y hora de medición de la corriente,,,,Operational,PDF
bufr4/3/06/002/2/022004,06,Secuencias meteorológicas u oceanográficas comunes a las observaciones oceanográficas,306002,(Corriente),,022004,Dirección de la corriente,,,,Operational,PDF
bufr4/3/06/002/3/022031,06,Secuencias meteorológicas u oceanográficas comunes a las observaciones oceanográficas,306002,(Corriente),,022031,Velocidad de la corriente,,,,Operational,PDF
bufr4/3/06/003/1/002002,06,Secuencias meteorológicas u oceanográficas comunes a las observaciones oceanográficas,306003,(Viento de superficie y temperatura),,002002,Tipo de instrumentos para la medición del viento,,,,Operational,PDF
bufr4/3/06/003/2/011011,06,Secuencias meteorológicas u oceanográficas comunes a las observaciones oceanográficas,306003,(Viento de superficie y temperatura),,011011,Dirección del viento a 10 m,,,,Operational,PDF
bufr4/3/06/003/3/011012,06,Secuencias meteorológicas u oceanográficas comunes a las observaciones oceanográficas,306003,(Viento de superficie y temperatura),,011012,Velocidad del viento a 10 m,,,,Operational,PDF
bufr4/3/06/003/4/012004,06,Secuencias meteorológicas u oceanográficas comunes a las observaciones oceanográficas,306003,(Viento de superficie y temperatura),,012004,Temperatura del aire a 2 m,,,,Operational,PDF
bufr4/3/06/004/1/002032,06,Secuencias meteorológicas u oceanográficas comunes a las observaciones oceanográficas,306004,"(Profundidad, temperatura, salinidad)",,002032,Indicador de digitalización,,,,Operational,PDF
bufr4/3/06/004/2/002033,06,Secuencias meteorológicas u oceanográficas comunes a las observaciones oceanográficas,306004,"(Profundidad, temperatura, salinidad)",,002033,Método de medición de la salinidad/profundidad,,,,Operational,PDF
bufr4/3/06/004/3/103000,06,Secuencias meteorológicas u oceanográficas comunes a las observaciones oceanográficas,306004,"(Profundidad, temperatura, salinidad)",,103000,Repetición diferida de 3 descriptores,,,,Operational,PDF
bufr4/3/06/004/4/031001,06,Secuencias meteorológicas u oceanográficas comunes a las observaciones oceanográficas,306004,"(Profundidad, temperatura, salinidad)",,031001,Factor de repetición diferida del descriptor,,,,Operational,PDF
bufr4/3/06/004/5/007062,06,Secuencias meteorológicas u oceanográficas comunes a las observaciones oceanográficas,306004,"(Profundidad, temperatura, salinidad)",,007062,Profundidad por debajo de la superficie del mar/ agua,,,,Operational,PDF
bufr4/3/06/004/6/022043,06,Secuencias meteorológicas u oceanográficas comunes a las observaciones oceanográficas,306004,"(Profundidad, temperatura, salinidad)",,022043,Temperatura del mar/agua,,,,Operational,PDF
bufr4/3/06/004/7/022062,06,Secuencias meteorológicas u oceanográficas comunes a las observaciones oceanográficas,306004,"(Profundidad, temperatura, salinidad)",,022062,Salinidad,,,,Operational,PDF
bufr4/3/06/005/1/002031,06,Secuencias meteorológicas u oceanográficas comunes a las observaciones oceanográficas,306005,,,002031,Duración y hora de medición de la corriente,,,,Operational,PDF
bufr4/3/06/005/2/103000,06,Secuencias meteorológicas u oceanográficas comunes a las observaciones oceanográficas,306005,,,103000,Repetición diferida de 3 descriptores,,,,Operational,PDF
bufr4/3/06/005/3/031001,06,Secuencias meteorológicas u oceanográficas comunes a las observaciones oceanográficas,306005,,,031001,Factor de repetición diferida del descriptor,,,,Operational,PDF
bufr4/3/06/005/4/007062,06,Secuencias meteorológicas u oceanográficas comunes a las observaciones oceanográficas,306005,,,007062,Profundidad por debajo de la superficie del mar/ agua,,,,Operational,PDF
bufr4/3/06/005/5/022004,06,Secuencias meteorológicas u oceanográficas comunes a las observaciones oceanográficas,306005,,,022004,Dirección de la corriente,,,,Operational,PDF
bufr4/3/06/005/6/022031,06,Secuencias meteorológicas u oceanográficas comunes a las observaciones oceanográficas,306005,,,022031,Velocidad de la corriente,,,,Operational,PDF
bufr4/3/06/006/1/306003,06,Secuencias meteorológicas u oceanográficas comunes a las observaciones oceanográficas,306006,(Parámetros (facultativos) sobre sondeos subacuáticos),,306003,Viento y temperatura de superficie,,,,Operational,PDF
bufr4/3/06/006/2/306002,06,Secuencias meteorológicas u oceanográficas comunes a las observaciones oceanográficas,306006,(Parámetros (facultativos) sobre sondeos subacuáticos),,306002,Corriente,,,,Operational,PDF
bufr4/3/06/006/3/022063,06,Secuencias meteorológicas u oceanográficas comunes a las observaciones oceanográficas,306006,(Parámetros (facultativos) sobre sondeos subacuáticos),,022063,Profundidad total del agua,,,,Operational,PDF
bufr4/3/06/007/1/001012,06,Secuencias meteorológicas u oceanográficas comunes a las observaciones oceanográficas,306007,(Parámetros del bloque de reserva para boyas),,001012,Dirección del movimiento de la plataforma de observación,,,,Operational,PDF
bufr4/3/06/007/2/001014,06,Secuencias meteorológicas u oceanográficas comunes a las observaciones oceanográficas,306007,(Parámetros del bloque de reserva para boyas),,001014,Velocidad de deriva de la plataforma (gran precisión),,,,Operational,PDF
bufr4/3/06/007/3/306008,06,Secuencias meteorológicas u oceanográficas comunes a las observaciones oceanográficas,306007,(Parámetros del bloque de reserva para boyas),,306008,Parámetros de los instrumentos de las boyas,,,,Operational,PDF
bufr4/3/06/007/4/004024,06,Secuencias meteorológicas u oceanográficas comunes a las observaciones oceanográficas,306007,(Parámetros del bloque de reserva para boyas),,004024,Período o desplazamiento de tiempo,,,,Operational,PDF
bufr4/3/06/007/5/027003,06,Secuencias meteorológicas u oceanográficas comunes a las observaciones oceanográficas,306007,(Parámetros del bloque de reserva para boyas),,027003,Latitud alterna (precisión aproximada),,,,Operational,PDF
bufr4/3/06/007/6/028003,06,Secuencias meteorológicas u oceanográficas comunes a las observaciones oceanográficas,306007,(Parámetros del bloque de reserva para boyas),,028003,Longitud alterna (precisión aproximada),,,,Operational,PDF
bufr4/3/06/008/1/002034,06,Secuencias meteorológicas u oceanográficas comunes a las observaciones oceanográficas,306008,(Parámetros de los instrumentos de las boyas),,002034,Tipo de ancla flotante,,,,Operational,PDF
bufr4/3/06/008/2/002035,06,Secuencias meteorológicas u oceanográficas comunes a las observaciones oceanográficas,306008,(Parámetros de los instrumentos de las boyas),,002035,Longitud del cable,,,,Operational,PDF
bufr4/3/06/008/3/002036,06,Secuencias meteorológicas u oceanográficas comunes a las observaciones oceanográficas,306008,(Parámetros de los instrumentos de las boyas),,002036,Tipo de boya,,,,Operational,PDF
bufr4/3/06/011/1/301021,06,Secuencias meteorológicas u oceanográficas comunes a las observaciones oceanográficas,306011,"(Secuencia para la representación de identificación de la estación de observación de mareas, método de transmisión, hora en que se transmite el mensaje y tiempo de referencia para los informes en una serie temporal)",,301021,Latitud/longitud (gran exactitud),,,,Operational,PDF
bufr4/3/06/011/2/001075,06,Secuencias meteorológicas u oceanográficas comunes a las observaciones oceanográficas,306011,"(Secuencia para la representación de identificación de la estación de observación de mareas, método de transmisión, hora en que se transmite el mensaje y tiempo de referencia para los informes en una serie temporal)",,001075,Identificación de la estación de observación de mareas,Identificación alfanumérica (5 caracteres),,,Operational,PDF
bufr4/3/06/011/3/002147,06,Secuencias meteorológicas u oceanográficas comunes a las observaciones oceanográficas,306011,"(Secuencia para la representación de identificación de la estación de observación de mareas, método de transmisión, hora en que se transmite el mensaje y tiempo de referencia para los informes en una serie temporal)",,002147,Método de transmisión al centro de recopilación,,,,Operational,PDF
bufr4/3/06/011/4/301011,06,Secuencias meteorológicas u oceanográficas comunes a las observaciones oceanográficas,306011,"(Secuencia para la representación de identificación de la estación de observación de mareas, método de transmisión, hora en que se transmite el mensaje y tiempo de referencia para los informes en una serie temporal)",,301011,"Año, mes, día",,,,Operational,PDF
bufr4/3/06/011/5/301013,06,Secuencias meteorológicas u oceanográficas comunes a las observaciones oceanográficas,306011,"(Secuencia para la representación de identificación de la estación de observación de mareas, método de transmisión, hora en que se transmite el mensaje y tiempo de referencia para los informes en una serie temporal)",,301013,"Hora, minuto, segundo",,,,Operational,PDF
bufr4/3/06/012/1/002007,06,Secuencias meteorológicas u oceanográficas comunes a las observaciones oceanográficas,306012,"(Secuencia para la representación del tipo de sensor, calificador significativo del sensor y estado de funcionamiento)",,002007,Tipo de sensor del instrumento de medición del nivel de agua,,,,Operational,PDF
bufr4/3/06/012/2/008015,06,Secuencias meteorológicas u oceanográficas comunes a las observaciones oceanográficas,306012,"(Secuencia para la representación del tipo de sensor, calificador significativo del sensor y estado de funcionamiento)",,008015,Calificador significativo del sensor,,,,Operational,PDF
bufr4/3/06/012/3/008032,06,Secuencias meteorológicas u oceanográficas comunes a las observaciones oceanográficas,306012,"(Secuencia para la representación del tipo de sensor, calificador significativo del sensor y estado de funcionamiento)",,008032,Estado de funcionamiento,,,,Operational,PDF
bufr4/3/06/012/4/306029,06,Secuencias meteorológicas u oceanográficas comunes a las observaciones oceanográficas,306012,"(Secuencia para la representación del tipo de sensor, calificador significativo del sensor y estado de funcionamiento)",,306029,Secuencia para la representación de información sobre el muestreo del tsunámetro respecto de las alturas de la columna de agua en el informe de la serie temporal,,,,Operational,PDF
bufr4/3/06/013/1/306012,06,Secuencias meteorológicas u oceanográficas comunes a las observaciones oceanográficas,306013,(Secuencia para la representación del nivel y residuo de agua en la serie temporal),,306012,"Secuencia para la representación del tipo de sensor, calificador significativo del sensor y estado de funcionamiento",,,,Operational,PDF
bufr4/3/06/013/2/301011,06,Secuencias meteorológicas u oceanográficas comunes a las observaciones oceanográficas,306013,(Secuencia para la representación del nivel y residuo de agua en la serie temporal),,301011,"Año, mes, día",Fecha de referencia para la serie temporal,,,Operational,PDF
bufr4/3/06/013/3/301013,06,Secuencias meteorológicas u oceanográficas comunes a las observaciones oceanográficas,306013,(Secuencia para la representación del nivel y residuo de agua en la serie temporal),,301013,"Hora, minuto, segundo",Hora de referencia para la serie temporal,,,Operational,PDF
bufr4/3/06/013/4/022120,06,Secuencias meteorológicas u oceanográficas comunes a las observaciones oceanográficas,306013,(Secuencia para la representación del nivel y residuo de agua en la serie temporal),,022120,Verificación automática del nivel del agua en una estación de mareas,,,,Operational,PDF
bufr4/3/06/013/5/022121,06,Secuencias meteorológicas u oceanográficas comunes a las observaciones oceanográficas,306013,(Secuencia para la representación del nivel y residuo de agua en la serie temporal),,022121,Verificación manual del nivel del agua en una estación de mareas,,,,Operational,PDF
bufr4/3/06/013/6/004015,06,Secuencias meteorológicas u oceanográficas comunes a las observaciones oceanográficas,306013,(Secuencia para la representación del nivel y residuo de agua en la serie temporal),,004015,Incremento de tiempo,Añadido para inicializar la hora de referencia,,,Operational,PDF
bufr4/3/06/013/7/004065,06,Secuencias meteorológicas u oceanográficas comunes a las observaciones oceanográficas,306013,(Secuencia para la representación del nivel y residuo de agua en la serie temporal),,004065,Incremento de tiempo abreviado,Añadido a cada valor de datos de la serie temporal,,,Operational,PDF
bufr4/3/06/013/8/102000,06,Secuencias meteorológicas u oceanográficas comunes a las observaciones oceanográficas,306013,(Secuencia para la representación del nivel y residuo de agua en la serie temporal),,102000,Repetición diferida de 2 descriptores,,,,Operational,PDF
bufr4/3/06/013/9/031001,06,Secuencias meteorológicas u oceanográficas comunes a las observaciones oceanográficas,306013,(Secuencia para la representación del nivel y residuo de agua en la serie temporal),,031001,Factor de repetición diferida del descriptor,,,,Operational,PDF
bufr4/3/06/013/10/022038,06,Secuencias meteorológicas u oceanográficas comunes a las observaciones oceanográficas,306013,(Secuencia para la representación del nivel y residuo de agua en la serie temporal),,022038,Altura de las mareas con relación al cero hidrográfico local,,,,Operational,PDF
bufr4/3/06/013/11/022040,06,Secuencias meteorológicas u oceanográficas comunes a las observaciones oceanográficas,306013,(Secuencia para la representación del nivel y residuo de agua en la serie temporal),,022040,Altura residual meteorológica de las mareas (positiva o negativa),,,,Operational,PDF
bufr4/3/06/014/1/306012,06,Secuencias meteorológicas u oceanográficas comunes a las observaciones oceanográficas,306014,"(Secuencia para la representación del nivel de agua en la serie temporal, similar a 3 06 013, pero sin residuos)",,306012,"Secuencia para la representación del tipo de sensor, calificador significativo del sensor y estado de funcionamiento",,,,Operational,PDF
bufr4/3/06/014/2/301011,06,Secuencias meteorológicas u oceanográficas comunes a las observaciones oceanográficas,306014,"(Secuencia para la representación del nivel de agua en la serie temporal, similar a 3 06 013, pero sin residuos)",,301011,"Año, mes, día",Fecha de referencia para la serie temporal,,,Operational,PDF
bufr4/3/06/014/3/301013,06,Secuencias meteorológicas u oceanográficas comunes a las observaciones oceanográficas,306014,"(Secuencia para la representación del nivel de agua en la serie temporal, similar a 3 06 013, pero sin residuos)",,301013,"Hora, minuto, segundo",Hora de referencia para la serie temporal,,,Operational,PDF
bufr4/3/06/014/4/022120,06,Secuencias meteorológicas u oceanográficas comunes a las observaciones oceanográficas,306014,"(Secuencia para la representación del nivel de agua en la serie temporal, similar a 3 06 013, pero sin residuos)",,022120,Verificación automática del nivel del agua en una estación de mareas,,,,Operational,PDF
bufr4/3/06/014/5/022121,06,Secuencias meteorológicas u oceanográficas comunes a las observaciones oceanográficas,306014,"(Secuencia para la representación del nivel de agua en la serie temporal, similar a 3 06 013, pero sin residuos)",,022121,verificación manual del nivel del agua en una estación de mareas,,,,Operational,PDF
bufr4/3/06/014/6/004015,06,Secuencias meteorológicas u oceanográficas comunes a las observaciones oceanográficas,306014,"(Secuencia para la representación del nivel de agua en la serie temporal, similar a 3 06 013, pero sin residuos)",,004015,Incremento de tiempo,Añadido para inicializar la hora de referencia,,,Operational,PDF
bufr4/3/06/014/7/004065,06,Secuencias meteorológicas u oceanográficas comunes a las observaciones oceanográficas,306014,"(Secuencia para la representación del nivel de agua en la serie temporal, similar a 3 06 013, pero sin residuos)",,004065,Incremento de tiempo abreviado,Añadido a cada valor de datos de la serie temporal,,,Operational,PDF
bufr4/3/06/014/8/101000,06,Secuencias meteorológicas u oceanográficas comunes a las observaciones oceanográficas,306014,"(Secuencia para la representación del nivel de agua en la serie temporal, similar a 3 06 013, pero sin residuos)",,101000,Repetición diferida de 1 descriptor,,,,Operational,PDF
bufr4/3/06/014/9/031001,06,Secuencias meteorológicas u oceanográficas comunes a las observaciones oceanográficas,306014,"(Secuencia para la representación del nivel de agua en la serie temporal, similar a 3 06 013, pero sin residuos)",,031001,Factor de repetición diferida del descriptor,,,,Operational,PDF
bufr4/3/06/014/10/022038,06,Secuencias meteorológicas u oceanográficas comunes a las observaciones oceanográficas,306014,"(Secuencia para la representación del nivel de agua en la serie temporal, similar a 3 06 013, pero sin residuos)",,022038,Altura de las mareas con relación al cero hidrográfico local,,,,Operational,PDF
bufr4/3/06/016/1/301011,06,Secuencias meteorológicas u oceanográficas comunes a las observaciones oceanográficas,306016,(Secuencia para la representación de datos meteorológicos complementarios asociados con datos sobre el nivel de agua),,301011,"Año, mes, día",Fecha de referencia para la serie temporal,,,Operational,PDF
bufr4/3/06/016/2/301013,06,Secuencias meteorológicas u oceanográficas comunes a las observaciones oceanográficas,306016,(Secuencia para la representación de datos meteorológicos complementarios asociados con datos sobre el nivel de agua),,301013,"Hora, minuto, segundo",Hora de referencia para la serie temporal,,,Operational,PDF
bufr4/3/06/016/3/010004,06,Secuencias meteorológicas u oceanográficas comunes a las observaciones oceanográficas,306016,(Secuencia para la representación de datos meteorológicos complementarios asociados con datos sobre el nivel de agua),,010004,Presión,Nivel de la estación,,,Operational,PDF
bufr4/3/06/016/4/010051,06,Secuencias meteorológicas u oceanográficas comunes a las observaciones oceanográficas,306016,(Secuencia para la representación de datos meteorológicos complementarios asociados con datos sobre el nivel de agua),,010051,Presión reducida al nivel medio del mar,,,,Operational,PDF
bufr4/3/06/016/5/302032,06,Secuencias meteorológicas u oceanográficas comunes a las observaciones oceanográficas,306016,(Secuencia para la representación de datos meteorológicos complementarios asociados con datos sobre el nivel de agua),,302032,Datos de temperatura y humedad,,,,Operational,PDF
bufr4/3/06/016/6/007032,06,Secuencias meteorológicas u oceanográficas comunes a las observaciones oceanográficas,306016,(Secuencia para la representación de datos meteorológicos complementarios asociados con datos sobre el nivel de agua),,007032,Altura del sensor sobre el suelo local (o la cubierta de la plataforma marina),,,,Operational,PDF
bufr4/3/06/016/7/002002,06,Secuencias meteorológicas u oceanográficas comunes a las observaciones oceanográficas,306016,(Secuencia para la representación de datos meteorológicos complementarios asociados con datos sobre el nivel de agua),,002002,Tipo de instrumentos para la medición del viento,,,,Operational,PDF
bufr4/3/06/016/8/008021,06,Secuencias meteorológicas u oceanográficas comunes a las observaciones oceanográficas,306016,(Secuencia para la representación de datos meteorológicos complementarios asociados con datos sobre el nivel de agua),,008021,Significación temporal,= 2 promediada en el tiempo,,,Operational,PDF
bufr4/3/06/016/9/004025,06,Secuencias meteorológicas u oceanográficas comunes a las observaciones oceanográficas,306016,(Secuencia para la representación de datos meteorológicos complementarios asociados con datos sobre el nivel de agua),,004025,Período o desplazamiento de tiempo,"P. ej. = 1 para 1 minuto,",,,Operational,PDF
bufr4/3/06/016/10/011001,06,Secuencias meteorológicas u oceanográficas comunes a las observaciones oceanográficas,306016,(Secuencia para la representación de datos meteorológicos complementarios asociados con datos sobre el nivel de agua),,011001,Dirección del viento,,,,Operational,PDF
bufr4/3/06/016/11/011002,06,Secuencias meteorológicas u oceanográficas comunes a las observaciones oceanográficas,306016,(Secuencia para la representación de datos meteorológicos complementarios asociados con datos sobre el nivel de agua),,011002,Velocidad del viento,,,,Operational,PDF
bufr4/3/06/016/12/004025,06,Secuencias meteorológicas u oceanográficas comunes a las observaciones oceanográficas,306016,(Secuencia para la representación de datos meteorológicos complementarios asociados con datos sobre el nivel de agua),,004025,Período o desplazamiento de tiempo,En minutos,,,Operational,PDF
bufr4/3/06/016/13/011043,06,Secuencias meteorológicas u oceanográficas comunes a las observaciones oceanográficas,306016,(Secuencia para la representación de datos meteorológicos complementarios asociados con datos sobre el nivel de agua),,011043,Dirección máxima de las ráfagas de viento,,,,Operational,PDF
bufr4/3/06/016/14/011041,06,Secuencias meteorológicas u oceanográficas comunes a las observaciones oceanográficas,306016,(Secuencia para la representación de datos meteorológicos complementarios asociados con datos sobre el nivel de agua),,011041,Velocidad máxima de las ráfagas de viento,,,,Operational,PDF
bufr4/3/06/016/15/025026,06,Secuencias meteorológicas u oceanográficas comunes a las observaciones oceanográficas,306016,(Secuencia para la representación de datos meteorológicos complementarios asociados con datos sobre el nivel de agua),,025026,Voltaje de la batería (intervalo amplio),Voltaje de la batería de la EMA,,,Operational,PDF
bufr4/3/06/016/16/012060,06,Secuencias meteorológicas u oceanográficas comunes a las observaciones oceanográficas,306016,(Secuencia para la representación de datos meteorológicos complementarios asociados con datos sobre el nivel de agua),,012060,Temperatura interna del recinto de la EMA,,,,Operational,PDF
bufr4/3/06/017/1/002032,06,Secuencias meteorológicas u oceanográficas comunes a las observaciones oceanográficas,306017,(Perfil de la temperatura subsuperficial (gran exactitud/ precisión) con banderines de calidad),,002032,Indicador de digitalización,= 0 profundidades fijas del sensor,,,Operational,PDF
bufr4/3/06/017/2/008034,06,Secuencias meteorológicas u oceanográficas comunes a las observaciones oceanográficas,306017,(Perfil de la temperatura subsuperficial (gran exactitud/ precisión) con banderines de calidad),,008034,Calificador de medición de la temperatura/salinidad,,,,Operational,PDF
bufr4/3/06/017/3/106000,06,Secuencias meteorológicas u oceanográficas comunes a las observaciones oceanográficas,306017,(Perfil de la temperatura subsuperficial (gran exactitud/ precisión) con banderines de calidad),,106000,Repetición diferida de 6 descriptores,,,,Operational,PDF
bufr4/3/06/017/4/031002,06,Secuencias meteorológicas u oceanográficas comunes a las observaciones oceanográficas,306017,(Perfil de la temperatura subsuperficial (gran exactitud/ precisión) con banderines de calidad),,031002,Factor ampliado de repetición diferida del descriptor,Número de profundidades,,,Operational,PDF
bufr4/3/06/017/5/007065,06,Secuencias meteorológicas u oceanográficas comunes a las observaciones oceanográficas,306017,(Perfil de la temperatura subsuperficial (gran exactitud/ precisión) con banderines de calidad),,007065,Presión del agua,En Pa,,,Operational,PDF
bufr4/3/06/017/6/008080,06,Secuencias meteorológicas u oceanográficas comunes a las observaciones oceanográficas,306017,(Perfil de la temperatura subsuperficial (gran exactitud/ precisión) con banderines de calidad),,008080,Calificador del banderín de calidad del GTSPP,,,,Operational,PDF
bufr4/3/06/017/7/033050,06,Secuencias meteorológicas u oceanográficas comunes a las observaciones oceanográficas,306017,(Perfil de la temperatura subsuperficial (gran exactitud/ precisión) con banderines de calidad),,033050,Banderín de calidad mundial del GTSPP,,,,Operational,PDF
bufr4/3/06/017/8/022045,06,Secuencias meteorológicas u oceanográficas comunes a las observaciones oceanográficas,306017,(Perfil de la temperatura subsuperficial (gran exactitud/ precisión) con banderines de calidad),,022045,Temperatura del mar/agua,En K con tres decimales,,,Operational,PDF
bufr4/3/06/017/9/008080,06,Secuencias meteorológicas u oceanográficas comunes a las observaciones oceanográficas,306017,(Perfil de la temperatura subsuperficial (gran exactitud/ precisión) con banderines de calidad),,008080,Calificador del banderín de calidad del GTSPP,,,,Operational,PDF
bufr4/3/06/017/10/033050,06,Secuencias meteorológicas u oceanográficas comunes a las observaciones oceanográficas,306017,(Perfil de la temperatura subsuperficial (gran exactitud/ precisión) con banderines de calidad),,033050,Banderín de calidad mundial del GTSPP,,,,Operational,PDF
bufr4/3/06/017/11/008034,06,Secuencias meteorológicas u oceanográficas comunes a las observaciones oceanográficas,306017,(Perfil de la temperatura subsuperficial (gran exactitud/ precisión) con banderines de calidad),,008034,Calificador de medición de la temperatura/salinidad,Fijar en faltante (anular),,,Operational,PDF
bufr4/3/06/018/1/002032,06,Secuencias meteorológicas u oceanográficas comunes a las observaciones oceanográficas,306018,(Perfil de la temperatura subsuperficial (gran exactitud/ precisión) con banderines de calidad),,002032,Indicador de digitalización,= 0 profundidades fijas del sensor,,,Operational,PDF
bufr4/3/06/018/2/008034,06,Secuencias meteorológicas u oceanográficas comunes a las observaciones oceanográficas,306018,(Perfil de la temperatura subsuperficial (gran exactitud/ precisión) con banderines de calidad),,008034,Calificador de medición de la temperatura/salinidad,,,,Operational,PDF
bufr4/3/06/018/3/109000,06,Secuencias meteorológicas u oceanográficas comunes a las observaciones oceanográficas,306018,(Perfil de la temperatura subsuperficial (gran exactitud/ precisión) con banderines de calidad),,109000,Repetición diferida de 9 descriptores,,,,Operational,PDF
bufr4/3/06/018/4/031002,06,Secuencias meteorológicas u oceanográficas comunes a las observaciones oceanográficas,306018,(Perfil de la temperatura subsuperficial (gran exactitud/ precisión) con banderines de calidad),,031002,Factor ampliado de repetición diferida del descriptor,Número de profundidades,,,Operational,PDF
bufr4/3/06/018/5/007065,06,Secuencias meteorológicas u oceanográficas comunes a las observaciones oceanográficas,306018,(Perfil de la temperatura subsuperficial (gran exactitud/ precisión) con banderines de calidad),,007065,Presión del agua,En Pa,,,Operational,PDF
bufr4/3/06/018/6/008080,06,Secuencias meteorológicas u oceanográficas comunes a las observaciones oceanográficas,306018,(Perfil de la temperatura subsuperficial (gran exactitud/ precisión) con banderines de calidad),,008080,Calificador del banderín de calidad del GTSPP,,,,Operational,PDF
bufr4/3/06/018/7/033050,06,Secuencias meteorológicas u oceanográficas comunes a las observaciones oceanográficas,306018,(Perfil de la temperatura subsuperficial (gran exactitud/ precisión) con banderines de calidad),,033050,Banderín de calidad mundial del GTSPP,,,,Operational,PDF
bufr4/3/06/018/8/022045,06,Secuencias meteorológicas u oceanográficas comunes a las observaciones oceanográficas,306018,(Perfil de la temperatura subsuperficial (gran exactitud/ precisión) con banderines de calidad),,022045,Temperatura del mar/agua,En K con tres decimales,,,Operational,PDF
bufr4/3/06/018/9/008080,06,Secuencias meteorológicas u oceanográficas comunes a las observaciones oceanográficas,306018,(Perfil de la temperatura subsuperficial (gran exactitud/ precisión) con banderines de calidad),,008080,Calificador del banderín de calidad del GTSPP,,,,Operational,PDF
bufr4/3/06/018/10/033050,06,Secuencias meteorológicas u oceanográficas comunes a las observaciones oceanográficas,306018,(Perfil de la temperatura subsuperficial (gran exactitud/ precisión) con banderines de calidad),,033050,Banderín de calidad mundial del GTSPP,,,,Operational,PDF
bufr4/3/06/018/11/022064,06,Secuencias meteorológicas u oceanográficas comunes a las observaciones oceanográficas,306018,(Perfil de la temperatura subsuperficial (gran exactitud/ precisión) con banderines de calidad),,022064,Salinidad,,,,Operational,PDF
bufr4/3/06/018/12/008080,06,Secuencias meteorológicas u oceanográficas comunes a las observaciones oceanográficas,306018,(Perfil de la temperatura subsuperficial (gran exactitud/ precisión) con banderines de calidad),,008080,Calificador del banderín de calidad del GTSPP,,,,Operational,PDF
bufr4/3/06/018/13/033050,06,Secuencias meteorológicas u oceanográficas comunes a las observaciones oceanográficas,306018,(Perfil de la temperatura subsuperficial (gran exactitud/ precisión) con banderines de calidad),,033050,Banderín de calidad mundial del GTSPP,,,,Operational,PDF
bufr4/3/06/018/14/008034,06,Secuencias meteorológicas u oceanográficas comunes a las observaciones oceanográficas,306018,(Perfil de la temperatura subsuperficial (gran exactitud/ precisión) con banderines de calidad),,008034,Calificador de medición de la temperatura/salinidad,Fijar en faltante (anular),,,Operational,PDF
bufr4/3/06/019/1/001075,06,Secuencias meteorológicas u oceanográficas comunes a las observaciones oceanográficas,306019,"(Identificación del informe sobre mareas, verificaciones del nivel del agua, incrementos de tiempo)",,001075,Identificación de la estación de observación de mareas,Alfanumérica,,,Operational,PDF
bufr4/3/06/019/2/301011,06,Secuencias meteorológicas u oceanográficas comunes a las observaciones oceanográficas,306019,"(Identificación del informe sobre mareas, verificaciones del nivel del agua, incrementos de tiempo)",,301011,"Año, mes, día",,,,Operational,PDF
bufr4/3/06/019/3/301012,06,Secuencias meteorológicas u oceanográficas comunes a las observaciones oceanográficas,306019,"(Identificación del informe sobre mareas, verificaciones del nivel del agua, incrementos de tiempo)",,301012,"Hora, minuto",,,,Operational,PDF
bufr4/3/06/019/4/022042,06,Secuencias meteorológicas u oceanográficas comunes a las observaciones oceanográficas,306019,"(Identificación del informe sobre mareas, verificaciones del nivel del agua, incrementos de tiempo)",,022042,Temperatura del agua/mar,,,,Operational,PDF
bufr4/3/06/019/5/022120,06,Secuencias meteorológicas u oceanográficas comunes a las observaciones oceanográficas,306019,"(Identificación del informe sobre mareas, verificaciones del nivel del agua, incrementos de tiempo)",,022120,Verificación automática del nivel del agua en una estación de mareas,,,,Operational,PDF
bufr4/3/06/019/6/022121,06,Secuencias meteorológicas u oceanográficas comunes a las observaciones oceanográficas,306019,"(Identificación del informe sobre mareas, verificaciones del nivel del agua, incrementos de tiempo)",,022121,Verificación manual del nivel del agua en una estación de mareas,,,,Operational,PDF
bufr4/3/06/019/7/004015,06,Secuencias meteorológicas u oceanográficas comunes a las observaciones oceanográficas,306019,"(Identificación del informe sobre mareas, verificaciones del nivel del agua, incrementos de tiempo)",,004015,Incremento de tiempo,Minutos,(véase la nota 1),42,Operational,PDF
bufr4/3/06/019/8/004065,06,Secuencias meteorológicas u oceanográficas comunes a las observaciones oceanográficas,306019,"(Identificación del informe sobre mareas, verificaciones del nivel del agua, incrementos de tiempo)",,004065,Incremento de tiempo abreviado,,,,Operational,PDF
bufr4/3/06/020/1/001075,06,Secuencias meteorológicas u oceanográficas comunes a las observaciones oceanográficas,306020,"(Identificación del informe sobre mareas, verificaciones del nivel del agua, período o desplazamiento de tiempo, incremento de tiempo)",,001075,Identificación de la estación de observación de mareas,Alfanumérica,(véase la nota 2),69,Deprecated,PDF
bufr4/3/06/020/2/301011,06,Secuencias meteorológicas u oceanográficas comunes a las observaciones oceanográficas,306020,"(Identificación del informe sobre mareas, verificaciones del nivel del agua, período o desplazamiento de tiempo, incremento de tiempo)",,301011,"Año, mes, día",,(véase la nota 2),69,Deprecated,PDF
bufr4/3/06/020/3/301012,06,Secuencias meteorológicas u oceanográficas comunes a las observaciones oceanográficas,306020,"(Identificación del informe sobre mareas, verificaciones del nivel del agua, período o desplazamiento de tiempo, incremento de tiempo)",,301012,"Hora, minuto",,(véase la nota 2),69,Deprecated,PDF
bufr4/3/06/020/4/022042,06,Secuencias meteorológicas u oceanográficas comunes a las observaciones oceanográficas,306020,"(Identificación del informe sobre mareas, verificaciones del nivel del agua, período o desplazamiento de tiempo, incremento de tiempo)",,022042,Temperatura del mar/agua,,(véase la nota 2),69,Deprecated,PDF
bufr4/3/06/020/5/022120,06,Secuencias meteorológicas u oceanográficas comunes a las observaciones oceanográficas,306020,"(Identificación del informe sobre mareas, verificaciones del nivel del agua, período o desplazamiento de tiempo, incremento de tiempo)",,022120,Verificación automática del nivel del agua en una estación de mareas,,(véase la nota 2),69,Deprecated,PDF
bufr4/3/06/020/6/022121,06,Secuencias meteorológicas u oceanográficas comunes a las observaciones oceanográficas,306020,"(Identificación del informe sobre mareas, verificaciones del nivel del agua, período o desplazamiento de tiempo, incremento de tiempo)",,022121,Verificación manual del nivel del agua en una estación de mareas,,(véase la nota 2),69,Deprecated,PDF
bufr4/3/06/020/7/004075,06,Secuencias meteorológicas u oceanográficas comunes a las observaciones oceanográficas,306020,"(Identificación del informe sobre mareas, verificaciones del nivel del agua, período o desplazamiento de tiempo, incremento de tiempo)",,004075,Período o desplazamiento de tiempo abreviado,,(véase la nota 2),69,Deprecated,PDF
bufr4/3/06/020/8/004065,06,Secuencias meteorológicas u oceanográficas comunes a las observaciones oceanográficas,306020,"(Identificación del informe sobre mareas, verificaciones del nivel del agua, período o desplazamiento de tiempo, incremento de tiempo)",,004065,Incremento de tiempo abreviado,,(véase la nota 2),69,Deprecated,PDF
bufr4/3/06/021/1/001075,06,Secuencias meteorológicas u oceanográficas comunes a las observaciones oceanográficas,306021,(Parámetros meteorológicos en la estación de observación de mareas),,001075,Identificación de la estación de observación de mareas,Alfanumérica,,,Operational,PDF
bufr4/3/06/021/2/301011,06,Secuencias meteorológicas u oceanográficas comunes a las observaciones oceanográficas,306021,(Parámetros meteorológicos en la estación de observación de mareas),,301011,"Año, mes, día",,,,Operational,PDF
bufr4/3/06/021/3/301012,06,Secuencias meteorológicas u oceanográficas comunes a las observaciones oceanográficas,306021,(Parámetros meteorológicos en la estación de observación de mareas),,301012,"Hora, minuto",,,,Operational,PDF
bufr4/3/06/021/4/022122,06,Secuencias meteorológicas u oceanográficas comunes a las observaciones oceanográficas,306021,(Parámetros meteorológicos en la estación de observación de mareas),,022122,Verificación automática de los datos meteorológicos en una estación de mareas,,,,Operational,PDF
bufr4/3/06/021/5/022123,06,Secuencias meteorológicas u oceanográficas comunes a las observaciones oceanográficas,306021,(Parámetros meteorológicos en la estación de observación de mareas),,022123,Verificación manual de los datos meteorológicos en una estación de mareas,,,,Operational,PDF
bufr4/3/06/021/6/012001,06,Secuencias meteorológicas u oceanográficas comunes a las observaciones oceanográficas,306021,(Parámetros meteorológicos en la estación de observación de mareas),,012001,Temperatura/temperatura del aire,,,,Operational,PDF
bufr4/3/06/021/7/303002,06,Secuencias meteorológicas u oceanográficas comunes a las observaciones oceanográficas,306021,(Parámetros meteorológicos en la estación de observación de mareas),,303002,Viento al nivel de la presión,,,,Operational,PDF
bufr4/3/06/022/1/001075,06,Secuencias meteorológicas u oceanográficas comunes a las observaciones oceanográficas,306022,(Altura de la marea),,001075,Identificación de la estación de mareas,,,,Operational,PDF
bufr4/3/06/022/2/301011,06,Secuencias meteorológicas u oceanográficas comunes a las observaciones oceanográficas,306022,(Altura de la marea),,301011,"Año, mes, día",,,,Operational,PDF
bufr4/3/06/022/3/301012,06,Secuencias meteorológicas u oceanográficas comunes a las observaciones oceanográficas,306022,(Altura de la marea),,301012,"Hora, minuto",,,,Operational,PDF
bufr4/3/06/022/4/022038,06,Secuencias meteorológicas u oceanográficas comunes a las observaciones oceanográficas,306022,(Altura de la marea),,022038,Altura de las mareas con relación al cero hidrográfico local,,,,Operational,PDF
bufr4/3/06/022/5/022039,06,Secuencias meteorológicas u oceanográficas comunes a las observaciones oceanográficas,306022,(Altura de la marea),,022039,Altura residual meteorológica de las mareas (positiva o negativa),,,,Operational,PDF
bufr4/3/06/023/1/001015,06,Secuencias meteorológicas u oceanográficas comunes a las observaciones oceanográficas,306023,,,001015,Nombre de la estación o emplazamiento,,,,Operational,PDF
bufr4/3/06/023/2/301023,06,Secuencias meteorológicas u oceanográficas comunes a las observaciones oceanográficas,306023,,,301023,Latitud/longitud (precisión aproximada),,,,Operational,PDF
bufr4/3/06/023/3/301011,06,Secuencias meteorológicas u oceanográficas comunes a las observaciones oceanográficas,306023,,,301011,"Año, mes, día",,,,Operational,PDF
bufr4/3/06/023/4/301012,06,Secuencias meteorológicas u oceanográficas comunes a las observaciones oceanográficas,306023,,,301012,"Hora, minuto",,,,Operational,PDF
bufr4/3/06/023/5/022038,06,Secuencias meteorológicas u oceanográficas comunes a las observaciones oceanográficas,306023,,,022038,Altura de las mareas con relación al cero hidrográfico local,,,,Operational,PDF
bufr4/3/06/023/6/022039,06,Secuencias meteorológicas u oceanográficas comunes a las observaciones oceanográficas,306023,,,022039,Altura residual meteorológica de las mareas (positiva o negativa),,,,Operational,PDF
bufr4/3/06/023/7/022120,06,Secuencias meteorológicas u oceanográficas comunes a las observaciones oceanográficas,306023,,,022120,Verificación automática del nivel del agua en una estación de mareas,,,,Operational,PDF
bufr4/3/06/023/8/022121,06,Secuencias meteorológicas u oceanográficas comunes a las observaciones oceanográficas,306023,,,022121,Verificación manual del nivel del agua en una estación de mareas,,,,Operational,PDF
bufr4/3/06/024/1/306020,06,Secuencias meteorológicas u oceanográficas comunes a las observaciones oceanográficas,306024,(Series sobre la altura de las mareas),,306020,"Identificación del informe sobre las mareas, verificaciones del nivel del agua, período o desplazamiento de tiempo, incremento de tiempo",,(véase la nota 3),68,Deprecated,PDF
bufr4/3/06/024/2/102006,06,Secuencias meteorológicas u oceanográficas comunes a las observaciones oceanográficas,306024,(Series sobre la altura de las mareas),,102006,Repetir 2 descriptores 6 veces,,(véase la nota 3),68,Deprecated,PDF
bufr4/3/06/024/3/022038,06,Secuencias meteorológicas u oceanográficas comunes a las observaciones oceanográficas,306024,(Series sobre la altura de las mareas),,022038,Altura de las mareas con relación al cero hidrográfico local,,(véase la nota 3),68,Deprecated,PDF
bufr4/3/06/024/4/022039,06,Secuencias meteorológicas u oceanográficas comunes a las observaciones oceanográficas,306024,(Series sobre la altura de las mareas),,022039,Altura residual meteorológica de las mareas (positiva o negativa),,(véase la nota 3),68,Deprecated,PDF
bufr4/3/06/025/1/306019,06,Secuencias meteorológicas u oceanográficas comunes a las observaciones oceanográficas,306025,(Series sobre la altura de las mareas),,306019,"Identificación del informe sobre las mareas, verificaciones del nivel del agua, incrementos de tiempo",,,,Operational,PDF
bufr4/3/06/025/2/102006,06,Secuencias meteorológicas u oceanográficas comunes a las observaciones oceanográficas,306025,(Series sobre la altura de las mareas),,102006,Repetir 2 descriptores 6 veces,,,,Operational,PDF
bufr4/3/06/025/3/022038,06,Secuencias meteorológicas u oceanográficas comunes a las observaciones oceanográficas,306025,(Series sobre la altura de las mareas),,022038,Altura de las mareas con relación al cero hidrográfico local,,,,Operational,PDF
bufr4/3/06/025/4/022039,06,Secuencias meteorológicas u oceanográficas comunes a las observaciones oceanográficas,306025,(Series sobre la altura de las mareas),,022039,Altura residual meteorológica de las mareas (positiva o negativa),,,,Operational,PDF
bufr4/3/06/027/1/001005,06,Secuencias meteorológicas u oceanográficas comunes a las observaciones oceanográficas,306027,"(Secuencia para la representación de identificadores de boya DART, identificación de transmisor, tipo de tsunámetro y hora en que el mensaje es transmitido al sistema terreno)",,001005,Identificador de boya/plataforma,,,,Operational,PDF
bufr4/3/06/027/2/001052,06,Secuencias meteorológicas u oceanográficas comunes a las observaciones oceanográficas,306027,"(Secuencia para la representación de identificadores de boya DART, identificación de transmisor, tipo de tsunámetro y hora en que el mensaje es transmitido al sistema terreno)",,001052,Identificador del transmisor de la plataforma,,,,Operational,PDF
bufr4/3/06/027/3/002047,06,Secuencias meteorológicas u oceanográficas comunes a las observaciones oceanográficas,306027,"(Secuencia para la representación de identificadores de boya DART, identificación de transmisor, tipo de tsunámetro y hora en que el mensaje es transmitido al sistema terreno)",,002047,Tipo de tsunámetro para niveles profundos del océano,,,,Operational,PDF
bufr4/3/06/027/4/301011,06,Secuencias meteorológicas u oceanográficas comunes a las observaciones oceanográficas,306027,"(Secuencia para la representación de identificadores de boya DART, identificación de transmisor, tipo de tsunámetro y hora en que el mensaje es transmitido al sistema terreno)",,301011,"Año, mes, día",Hora en que el mensaje es transmitido al sistema terreno,,,Operational,PDF
bufr4/3/06/027/5/301013,06,Secuencias meteorológicas u oceanográficas comunes a las observaciones oceanográficas,306027,"(Secuencia para la representación de identificadores de boya DART, identificación de transmisor, tipo de tsunámetro y hora en que el mensaje es transmitido al sistema terreno)",,301013,"Hora, minuto, segundo",,,,Operational,PDF
bufr4/3/06/028/1/306027,06,Secuencias meteorológicas u oceanográficas comunes a las observaciones oceanográficas,306028,(Secuencia para la representación de la hora de observación y de informes diarios de posición de boyas DART),,306027,"Secuencia para la representación de identificadores de boya DART, identificación del transmisor, tipo tsunámetro y hora en que el mensaje es transmitido al sistema terreno",,,,Operational,PDF
bufr4/3/06/028/2/301011,06,Secuencias meteorológicas u oceanográficas comunes a las observaciones oceanográficas,306028,(Secuencia para la representación de la hora de observación y de informes diarios de posición de boyas DART),,301011,"Año, mes, día",Hora de observación,,,Operational,PDF
bufr4/3/06/028/3/301013,06,Secuencias meteorológicas u oceanográficas comunes a las observaciones oceanográficas,306028,(Secuencia para la representación de la hora de observación y de informes diarios de posición de boyas DART),,301013,"Hora, minuto, segundo",,,,Operational,PDF
bufr4/3/06/028/4/301021,06,Secuencias meteorológicas u oceanográficas comunes a las observaciones oceanográficas,306028,(Secuencia para la representación de la hora de observación y de informes diarios de posición de boyas DART),,301021,Latitud/longitud (gran exactitud),,,,Operational,PDF
bufr4/3/06/029/1/025170,06,Secuencias meteorológicas u oceanográficas comunes a las observaciones oceanográficas,306029,(Secuencia para la representación de información sobre el muestreo del tsunámetro respecto de las alturas de la columna de agua en el informe de la serie temporal),,025170,Intervalo de muestreo (tiempo),Segundos,,,Operational,PDF
bufr4/3/06/029/2/025171,06,Secuencias meteorológicas u oceanográficas comunes a las observaciones oceanográficas,306029,(Secuencia para la representación de información sobre el muestreo del tsunámetro respecto de las alturas de la columna de agua en el informe de la serie temporal),,025171,Período de promediación de la muestra,Segundos,,,Operational,PDF
bufr4/3/06/029/3/025172,06,Secuencias meteorológicas u oceanográficas comunes a las observaciones oceanográficas,306029,(Secuencia para la representación de información sobre el muestreo del tsunámetro respecto de las alturas de la columna de agua en el informe de la serie temporal),,025172,Número de muestras,,,,Operational,PDF
bufr4/3/06/030/1/306027,06,Secuencias meteorológicas u oceanográficas comunes a las observaciones oceanográficas,306030,(Secuencia para la representación de informes horarios estándar de boyas DART),,306027,"Secuencia para la representación de identificadores de boya DART, identificación del transmisor, tipo de tsunámetro y hora en que el mensaje es transmitido al sistema terreno",,,,Operational,PDF
bufr4/3/06/030/2/306029,06,Secuencias meteorológicas u oceanográficas comunes a las observaciones oceanográficas,306030,(Secuencia para la representación de informes horarios estándar de boyas DART),,306029,Secuencia para la representación de información sobre el muestreo del tsunámetro respecto de las alturas de la columna de agua en el informe de la serie temporal,,,,Operational,PDF
bufr4/3/06/030/3/111000,06,Secuencias meteorológicas u oceanográficas comunes a las observaciones oceanográficas,306030,(Secuencia para la representación de informes horarios estándar de boyas DART),,111000,Repetición diferida de 11 descriptores,,,,Operational,PDF
bufr4/3/06/030/4/031001,06,Secuencias meteorológicas u oceanográficas comunes a las observaciones oceanográficas,306030,(Secuencia para la representación de informes horarios estándar de boyas DART),,031001,Factor de repetición diferida del descriptor,,,,Operational,PDF
bufr4/3/06/030/5/033002,06,Secuencias meteorológicas u oceanográficas comunes a las observaciones oceanográficas,306030,(Secuencia para la representación de informes horarios estándar de boyas DART),,033002,Información sobre la calidad,Situación del mensaje,,,Operational,PDF
bufr4/3/06/030/6/301011,06,Secuencias meteorológicas u oceanográficas comunes a las observaciones oceanográficas,306030,(Secuencia para la representación de informes horarios estándar de boyas DART),,301011,"Año, mes, día",Fecha/hora de referencia de la serie temporal,,,Operational,PDF
bufr4/3/06/030/7/301013,06,Secuencias meteorológicas u oceanográficas comunes a las observaciones oceanográficas,306030,(Secuencia para la representación de informes horarios estándar de boyas DART),,301013,"Hora, minuto, segundo",,,,Operational,PDF
bufr4/3/06/030/8/025025,06,Secuencias meteorológicas u oceanográficas comunes a las observaciones oceanográficas,306030,(Secuencia para la representación de informes horarios estándar de boyas DART),,025025,Voltaje de la batería,CPU del BPR,,,Operational,PDF
bufr4/3/06/030/9/025025,06,Secuencias meteorológicas u oceanográficas comunes a las observaciones oceanográficas,306030,(Secuencia para la representación de informes horarios estándar de boyas DART),,025025,Voltaje de la batería,DSP del módem acústico,,,Operational,PDF
bufr4/3/06/030/10/025026,06,Secuencias meteorológicas u oceanográficas comunes a las observaciones oceanográficas,306030,(Secuencia para la representación de informes horarios estándar de boyas DART),,025026,Voltaje de la batería (intervalo amplio),Módem acústico,,,Operational,PDF
bufr4/3/06/030/11/022185,06,Secuencias meteorológicas u oceanográficas comunes a las observaciones oceanográficas,306030,(Secuencia para la representación de informes horarios estándar de boyas DART),,022185,Recuento de transmisiones del BPR,,,,Operational,PDF
bufr4/3/06/030/12/004015,06,Secuencias meteorológicas u oceanográficas comunes a las observaciones oceanográficas,306030,(Secuencia para la representación de informes horarios estándar de boyas DART),,004015,Incremento de tiempo,Añadido para reinicializar la hora de referencia,,,Operational,PDF
bufr4/3/06/030/13/004065,06,Secuencias meteorológicas u oceanográficas comunes a las observaciones oceanográficas,306030,(Secuencia para la representación de informes horarios estándar de boyas DART),,004065,Incremento de tiempo abreviado,Añadido a cada valor de datos de la serie temporal,,,Operational,PDF
bufr4/3/06/030/14/101004,06,Secuencias meteorológicas u oceanográficas comunes a las observaciones oceanográficas,306030,(Secuencia para la representación de informes horarios estándar de boyas DART),,101004,Repetir 1 descriptor 4 veces,,,,Operational,PDF
bufr4/3/06/030/15/022182,06,Secuencias meteorológicas u oceanográficas comunes a las observaciones oceanográficas,306030,(Secuencia para la representación de informes horarios estándar de boyas DART),,022182,Altura de la columna de agua,,,,Operational,PDF
bufr4/3/06/031/1/306027,06,Secuencias meteorológicas u oceanográficas comunes a las observaciones oceanográficas,306031,(Secuencia para la representación de informes de tsunamis mediante boyas DART y de informes de tsunami ampliados),,306027,"Secuencia para la representación de identificadores de boya DART, identificación del transmisor, tipo de tsunámetro y hora en que el mensaje es transmitido al sistema terreno",,,,Operational,PDF
bufr4/3/06/031/2/306029,06,Secuencias meteorológicas u oceanográficas comunes a las observaciones oceanográficas,306031,(Secuencia para la representación de informes de tsunamis mediante boyas DART y de informes de tsunami ampliados),,306029,Secuencia para la representación de información sobre el muestreo del tsunámetro respecto de las alturas de la columna de agua en el informe de la serie temporal,,,,Operational,PDF
bufr4/3/06/031/3/001053,06,Secuencias meteorológicas u oceanográficas comunes a las observaciones oceanográficas,306031,(Secuencia para la representación de informes de tsunamis mediante boyas DART y de informes de tsunami ampliados),,001053,Número de secuencia del informe de tsunámetro desencadenado por un tsunami,,,,Operational,PDF
bufr4/3/06/031/4/033002,06,Secuencias meteorológicas u oceanográficas comunes a las observaciones oceanográficas,306031,(Secuencia para la representación de informes de tsunamis mediante boyas DART y de informes de tsunami ampliados),,033002,Información sobre la calidad,Situación del mensaje,,,Operational,PDF
bufr4/3/06/031/5/301011,06,Secuencias meteorológicas u oceanográficas comunes a las observaciones oceanográficas,306031,(Secuencia para la representación de informes de tsunamis mediante boyas DART y de informes de tsunami ampliados),,301011,"Año, mes, día",Hora de detección del tsunami,,,Operational,PDF
bufr4/3/06/031/6/301013,06,Secuencias meteorológicas u oceanográficas comunes a las observaciones oceanográficas,306031,(Secuencia para la representación de informes de tsunamis mediante boyas DART y de informes de tsunami ampliados),,301013,"Hora, minuto, segundo",,,,Operational,PDF
bufr4/3/06/031/7/301011,06,Secuencias meteorológicas u oceanográficas comunes a las observaciones oceanográficas,306031,(Secuencia para la representación de informes de tsunamis mediante boyas DART y de informes de tsunami ampliados),,301011,"Año, mes, día",Fecha/hora de referencia de la serie temporal,,,Operational,PDF
bufr4/3/06/031/8/301013,06,Secuencias meteorológicas u oceanográficas comunes a las observaciones oceanográficas,306031,(Secuencia para la representación de informes de tsunamis mediante boyas DART y de informes de tsunami ampliados),,301013,"Hora, minuto, segundo",,,,Operational,PDF
bufr4/3/06/031/9/022185,06,Secuencias meteorológicas u oceanográficas comunes a las observaciones oceanográficas,306031,(Secuencia para la representación de informes de tsunamis mediante boyas DART y de informes de tsunami ampliados),,022185,Recuento de transmisiones del BPR,,,,Operational,PDF
bufr4/3/06/031/10/022182,06,Secuencias meteorológicas u oceanográficas comunes a las observaciones oceanográficas,306031,(Secuencia para la representación de informes de tsunamis mediante boyas DART y de informes de tsunami ampliados),,022182,Altura de la columna de agua,Determinación del valor real notificado en la serie temporal,,,Operational,PDF
bufr4/3/06/031/11/004016,06,Secuencias meteorológicas u oceanográficas comunes a las observaciones oceanográficas,306031,(Secuencia para la representación de informes de tsunamis mediante boyas DART y de informes de tsunami ampliados),,004016,Incremento de tiempo,Añadido para reinicializar la hora de referencia,,,Operational,PDF
bufr4/3/06/031/12/004066,06,Secuencias meteorológicas u oceanográficas comunes a las observaciones oceanográficas,306031,(Secuencia para la representación de informes de tsunamis mediante boyas DART y de informes de tsunami ampliados),,004066,Incremento de tiempo abreviado,Añadido a cada valor de datos de la serie temporal,,,Operational,PDF
bufr4/3/06/031/13/101000,06,Secuencias meteorológicas u oceanográficas comunes a las observaciones oceanográficas,306031,(Secuencia para la representación de informes de tsunamis mediante boyas DART y de informes de tsunami ampliados),,101000,Repetición diferida de 1 descriptor,,,,Operational,PDF
bufr4/3/06/031/14/031001,06,Secuencias meteorológicas u oceanográficas comunes a las observaciones oceanográficas,306031,(Secuencia para la representación de informes de tsunamis mediante boyas DART y de informes de tsunami ampliados),,031001,Factor de repetición diferida del descriptor,,,,Operational,PDF
bufr4/3/06/031/15/022184,06,Secuencias meteorológicas u oceanográficas comunes a las observaciones oceanográficas,306031,(Secuencia para la representación de informes de tsunamis mediante boyas DART y de informes de tsunami ampliados),,022184,Desviación de la altura de la columna de agua respecto del valor de referencia,,,,Operational,PDF
bufr4/3/06/033/1/002033,06,Secuencias meteorológicas u oceanográficas comunes a las observaciones oceanográficas,306033,(Salinidad de la superficie),,002033,Método de medición de la salinidad/profundidad,,,,Operational,PDF
bufr4/3/06/033/2/007063,06,Secuencias meteorológicas u oceanográficas comunes a las observaciones oceanográficas,306033,(Salinidad de la superficie),,007063,Profundidad por debajo de la superficie del mar/ agua (cm),,,,Operational,PDF
bufr4/3/06/033/3/022064,06,Secuencias meteorológicas u oceanográficas comunes a las observaciones oceanográficas,306033,(Salinidad de la superficie),,022064,Salinidad,,,,Operational,PDF
bufr4/3/06/034/1/002031,06,Secuencias meteorológicas u oceanográficas comunes a las observaciones oceanográficas,306034,(Corriente en la superficie),,002031,Duración y hora de medición de la corriente,,,,Operational,PDF
bufr4/3/06/034/2/003010,06,Secuencias meteorológicas u oceanográficas comunes a las observaciones oceanográficas,306034,(Corriente en la superficie),,003010,Método de medición de la corriente de mar/agua,,,,Operational,PDF
bufr4/3/06/034/3/002040,06,Secuencias meteorológicas u oceanográficas comunes a las observaciones oceanográficas,306034,(Corriente en la superficie),,002040,Método para eliminar los efectos de la velocidad y del movimiento de la plataforma en la medición de la corriente,,,,Operational,PDF
bufr4/3/06/034/4/022005,06,Secuencias meteorológicas u oceanográficas comunes a las observaciones oceanográficas,306034,(Corriente en la superficie),,022005,Dirección de la corriente en la superficie de mar,,,,Operational,PDF
bufr4/3/06/034/5/022032,06,Secuencias meteorológicas u oceanográficas comunes a las observaciones oceanográficas,306034,(Corriente en la superficie),,022032,Velocidad de la corriente en la superficie del mar,,,,Operational,PDF
bufr4/3/06/035/1/112000,06,Secuencias meteorológicas u oceanográficas comunes a las observaciones oceanográficas,306035,(Perfil de temperatura y salinidad),,112000,Repetición diferida de 12 descriptores,,,,Operational,PDF
bufr4/3/06/035/2/031002,06,Secuencias meteorológicas u oceanográficas comunes a las observaciones oceanográficas,306035,(Perfil de temperatura y salinidad),,031002,Factor ampliado de repetición diferida del descriptor,,,,Operational,PDF
bufr4/3/06/035/3/007062,06,Secuencias meteorológicas u oceanográficas comunes a las observaciones oceanográficas,306035,(Perfil de temperatura y salinidad),,007062,Profundidad por debajo de la superficie del mar/ agua,En metros,,,Operational,PDF
bufr4/3/06/035/4/008080,06,Secuencias meteorológicas u oceanográficas comunes a las observaciones oceanográficas,306035,(Perfil de temperatura y salinidad),,008080,Calificador del banderín de calidad del GTSPP,= 13 profundidad a un nivel dado,,,Operational,PDF
bufr4/3/06/035/5/033050,06,Secuencias meteorológicas u oceanográficas comunes a las observaciones oceanográficas,306035,(Perfil de temperatura y salinidad),,033050,Banderín de calidad mundial del GTSPP,,,,Operational,PDF
bufr4/3/06/035/6/007065,06,Secuencias meteorológicas u oceanográficas comunes a las observaciones oceanográficas,306035,(Perfil de temperatura y salinidad),,007065,Presión del agua,,,,Operational,PDF
bufr4/3/06/035/7/008080,06,Secuencias meteorológicas u oceanográficas comunes a las observaciones oceanográficas,306035,(Perfil de temperatura y salinidad),,008080,Calificador del banderín de calidad del GTSPP,= 10 presión a un nivel dado,,,Operational,PDF
bufr4/3/06/035/8/033050,06,Secuencias meteorológicas u oceanográficas comunes a las observaciones oceanográficas,306035,(Perfil de temperatura y salinidad),,033050,Banderín de calidad mundial del GTSPP,,,,Operational,PDF
bufr4/3/06/035/9/022043,06,Secuencias meteorológicas u oceanográficas comunes a las observaciones oceanográficas,306035,(Perfil de temperatura y salinidad),,022043,Temperatura del mar/agua,,,,Operational,PDF
bufr4/3/06/035/10/008080,06,Secuencias meteorológicas u oceanográficas comunes a las observaciones oceanográficas,306035,(Perfil de temperatura y salinidad),,008080,Calificador del banderín de calidad del GTSPP,= 11 temperatura a un nivel dado,,,Operational,PDF
bufr4/3/06/035/11/033050,06,Secuencias meteorológicas u oceanográficas comunes a las observaciones oceanográficas,306035,(Perfil de temperatura y salinidad),,033050,Banderín de calidad mundial del GTSPP,,,,Operational,PDF
bufr4/3/06/035/12/022064,06,Secuencias meteorológicas u oceanográficas comunes a las observaciones oceanográficas,306035,(Perfil de temperatura y salinidad),,022064,Salinidad,= 12 salinidad a un nivel dado,,,Operational,PDF
bufr4/3/06/035/13/008080,06,Secuencias meteorológicas u oceanográficas comunes a las observaciones oceanográficas,306035,(Perfil de temperatura y salinidad),,008080,Calificador del banderín de calidad del GTSPP,,,,Operational,PDF
bufr4/3/06/035/14/033050,06,Secuencias meteorológicas u oceanográficas comunes a las observaciones oceanográficas,306035,(Perfil de temperatura y salinidad),,033050,Banderín de calidad mundial del GTSPP,,,,Operational,PDF
bufr4/3/06/036/1/112000,06,Secuencias meteorológicas u oceanográficas comunes a las observaciones oceanográficas,306036,(Perfil de la corriente),,112000,Repetición diferida de 12 descriptores,,,,Operational,PDF
bufr4/3/06/036/2/031002,06,Secuencias meteorológicas u oceanográficas comunes a las observaciones oceanográficas,306036,(Perfil de la corriente),,031002,Factor ampliado de repetición diferida del descriptor,,,,Operational,PDF
bufr4/3/06/036/3/007062,06,Secuencias meteorológicas u oceanográficas comunes a las observaciones oceanográficas,306036,(Perfil de la corriente),,007062,Profundidad por debajo de la superficie del mar/ agua,En metros,,,Operational,PDF
bufr4/3/06/036/4/008080,06,Secuencias meteorológicas u oceanográficas comunes a las observaciones oceanográficas,306036,(Perfil de la corriente),,008080,Calificador del banderín de calidad del GTSPP,= 13 profundidad a un nivel dado,,,Operational,PDF
bufr4/3/06/036/5/033050,06,Secuencias meteorológicas u oceanográficas comunes a las observaciones oceanográficas,306036,(Perfil de la corriente),,033050,Banderín de calidad mundial del GTSPP,,,,Operational,PDF
bufr4/3/06/036/6/007065,06,Secuencias meteorológicas u oceanográficas comunes a las observaciones oceanográficas,306036,(Perfil de la corriente),,007065,Presión del agua,,,,Operational,PDF
bufr4/3/06/036/7/008080,06,Secuencias meteorológicas u oceanográficas comunes a las observaciones oceanográficas,306036,(Perfil de la corriente),,008080,Calificador del banderín de calidad del GTSPP,= 10 presión a un nivel dado,,,Operational,PDF
bufr4/3/06/036/8/033050,06,Secuencias meteorológicas u oceanográficas comunes a las observaciones oceanográficas,306036,(Perfil de la corriente),,033050,Banderín de calidad mundial del GTSPP,,,,Operational,PDF
bufr4/3/06/036/9/022031,06,Secuencias meteorológicas u oceanográficas comunes a las observaciones oceanográficas,306036,(Perfil de la corriente),,022031,Velocidad de la corriente,,,,Operational,PDF
bufr4/3/06/036/10/008080,06,Secuencias meteorológicas u oceanográficas comunes a las observaciones oceanográficas,306036,(Perfil de la corriente),,008080,Calificador del banderín de calidad del GTSPP,= 14 velocidad de la corriente a un nivel dado,,,Operational,PDF
bufr4/3/06/036/11/033050,06,Secuencias meteorológicas u oceanográficas comunes a las observaciones oceanográficas,306036,(Perfil de la corriente),,033050,Banderín de calidad mundial del GTSPP,,,,Operational,PDF
bufr4/3/06/036/12/022004,06,Secuencias meteorológicas u oceanográficas comunes a las observaciones oceanográficas,306036,(Perfil de la corriente),,022004,Dirección de la corriente,,,,Operational,PDF
bufr4/3/06/036/13/008080,06,Secuencias meteorológicas u oceanográficas comunes a las observaciones oceanográficas,306036,(Perfil de la corriente),,008080,Calificador del banderín de calidad del GTSPP,= 15 dirección de la corriente a un nivel dado,,,Operational,PDF
bufr4/3/06/036/14/033050,06,Secuencias meteorológicas u oceanográficas comunes a las observaciones oceanográficas,306036,(Perfil de la corriente),,033050,Banderín de calidad mundial del GTSPP,,,,Operational,PDF
bufr4/3/06/037/1/109000,06,Secuencias meteorológicas u oceanográficas comunes a las observaciones oceanográficas,306037,(Datos de perfil del oxígeno disuelto),,109000,Repetición diferida de 9 descriptores,,,,Operational,PDF
bufr4/3/06/037/2/031002,06,Secuencias meteorológicas u oceanográficas comunes a las observaciones oceanográficas,306037,(Datos de perfil del oxígeno disuelto),,031002,Factor ampliado de repetición diferida del descriptor,,,,Operational,PDF
bufr4/3/06/037/3/007062,06,Secuencias meteorológicas u oceanográficas comunes a las observaciones oceanográficas,306037,(Datos de perfil del oxígeno disuelto),,007062,Profundidad por debajo de la superficie del mar/ agua,,,,Operational,PDF
bufr4/3/06/037/4/008080,06,Secuencias meteorológicas u oceanográficas comunes a las observaciones oceanográficas,306037,(Datos de perfil del oxígeno disuelto),,008080,Calificador del banderín de calidad del GTSPP,= 13 profundidad a un nivel dado,,,Operational,PDF
bufr4/3/06/037/5/033050,06,Secuencias meteorológicas u oceanográficas comunes a las observaciones oceanográficas,306037,(Datos de perfil del oxígeno disuelto),,033050,Banderín de calidad mundial del GTSPP,,,,Operational,PDF
bufr4/3/06/037/6/007065,06,Secuencias meteorológicas u oceanográficas comunes a las observaciones oceanográficas,306037,(Datos de perfil del oxígeno disuelto),,007065,Presión del agua,,,,Operational,PDF
bufr4/3/06/037/7/008080,06,Secuencias meteorológicas u oceanográficas comunes a las observaciones oceanográficas,306037,(Datos de perfil del oxígeno disuelto),,008080,Calificador del banderín de calidad del GTSPP,= 10 presión a un nivel dado,,,Operational,PDF
bufr4/3/06/037/8/033050,06,Secuencias meteorológicas u oceanográficas comunes a las observaciones oceanográficas,306037,(Datos de perfil del oxígeno disuelto),,033050,Banderín de calidad mundial del GTSPP,,,,Operational,PDF
bufr4/3/06/037/9/022188,06,Secuencias meteorológicas u oceanográficas comunes a las observaciones oceanográficas,306037,(Datos de perfil del oxígeno disuelto),,022188,Oxígeno disuelto,,,,Operational,PDF
bufr4/3/06/037/10/008080,06,Secuencias meteorológicas u oceanográficas comunes a las observaciones oceanográficas,306037,(Datos de perfil del oxígeno disuelto),,008080,Calificador del banderín de calidad del GTSPP,= 16 oxígeno disuelto a un nivel dado,,,Operational,PDF
bufr4/3/06/037/11/033050,06,Secuencias meteorológicas u oceanográficas comunes a las observaciones oceanográficas,306037,(Datos de perfil del oxígeno disuelto),,033050,Banderín de calidad mundial del GTSPP,,,,Operational,PDF
bufr4/3/06/038/1/010004,06,Secuencias meteorológicas u oceanográficas comunes a las observaciones oceanográficas,306038,(Secuencia para la representación de observaciones meteorológicas marinas normalizadas de superficie desde boyas fijas),,010004,Presión,,,,Operational,PDF
bufr4/3/06/038/2/010051,06,Secuencias meteorológicas u oceanográficas comunes a las observaciones oceanográficas,306038,(Secuencia para la representación de observaciones meteorológicas marinas normalizadas de superficie desde boyas fijas),,010051,Presión reducida al nivel medio del mar,,,,Operational,PDF
bufr4/3/06/038/3/007033,06,Secuencias meteorológicas u oceanográficas comunes a las observaciones oceanográficas,306038,(Secuencia para la representación de observaciones meteorológicas marinas normalizadas de superficie desde boyas fijas),,007033,Altura del sensor sobre la superficie del agua,Altura del sensor de temperatura del aire/ humedad,,,Operational,PDF
bufr4/3/06/038/4/012101,06,Secuencias meteorológicas u oceanográficas comunes a las observaciones oceanográficas,306038,(Secuencia para la representación de observaciones meteorológicas marinas normalizadas de superficie desde boyas fijas),,012101,Temperatura/temperatura del aire,A la altura de observación,,,Operational,PDF
bufr4/3/06/038/5/012103,06,Secuencias meteorológicas u oceanográficas comunes a las observaciones oceanográficas,306038,(Secuencia para la representación de observaciones meteorológicas marinas normalizadas de superficie desde boyas fijas),,012103,Temperatura del punto de rocío,A la altura de observación,,,Operational,PDF
bufr4/3/06/038/6/013003,06,Secuencias meteorológicas u oceanográficas comunes a las observaciones oceanográficas,306038,(Secuencia para la representación de observaciones meteorológicas marinas normalizadas de superficie desde boyas fijas),,013003,Humedad relativa,Con respecto al agua a todas las temperaturas,,,Operational,PDF
bufr4/3/06/038/7/007033,06,Secuencias meteorológicas u oceanográficas comunes a las observaciones oceanográficas,306038,(Secuencia para la representación de observaciones meteorológicas marinas normalizadas de superficie desde boyas fijas),,007033,Altura del sensor sobre la superficie del agua,Altura del sensor de velocidad del viento,,,Operational,PDF
bufr4/3/06/038/8/008021,06,Secuencias meteorológicas u oceanográficas comunes a las observaciones oceanográficas,306038,(Secuencia para la representación de observaciones meteorológicas marinas normalizadas de superficie desde boyas fijas),,008021,Significación temporal,=2 promediada en el tiempo,,,Operational,PDF
bufr4/3/06/038/9/004025,06,Secuencias meteorológicas u oceanográficas comunes a las observaciones oceanográficas,306038,(Secuencia para la representación de observaciones meteorológicas marinas normalizadas de superficie desde boyas fijas),,004025,Período o desplazamiento de tiempo,Período en que se han promediado los vientos,,,Operational,PDF
bufr4/3/06/038/10/011001,06,Secuencias meteorológicas u oceanográficas comunes a las observaciones oceanográficas,306038,(Secuencia para la representación de observaciones meteorológicas marinas normalizadas de superficie desde boyas fijas),,011001,Dirección del viento,A la altura de observación,,,Operational,PDF
bufr4/3/06/038/11/011002,06,Secuencias meteorológicas u oceanográficas comunes a las observaciones oceanográficas,306038,(Secuencia para la representación de observaciones meteorológicas marinas normalizadas de superficie desde boyas fijas),,011002,Velocidad del viento,A la altura de observación,,,Operational,PDF
bufr4/3/06/038/12/008021,06,Secuencias meteorológicas u oceanográficas comunes a las observaciones oceanográficas,306038,(Secuencia para la representación de observaciones meteorológicas marinas normalizadas de superficie desde boyas fijas),,008021,Significación temporal,Fijar en faltante (anular),,,Operational,PDF
bufr4/3/06/038/13/004025,06,Secuencias meteorológicas u oceanográficas comunes a las observaciones oceanográficas,306038,(Secuencia para la representación de observaciones meteorológicas marinas normalizadas de superficie desde boyas fijas),,004025,Período o desplazamiento de tiempo,Período de tiempo en que se observan ráfagas máximas,,,Operational,PDF
bufr4/3/06/038/14/011041,06,Secuencias meteorológicas u oceanográficas comunes a las observaciones oceanográficas,306038,(Secuencia para la representación de observaciones meteorológicas marinas normalizadas de superficie desde boyas fijas),,011041,Velocidad máxima de las ráfagas de viento,,,,Operational,PDF
bufr4/3/06/038/15/004025,06,Secuencias meteorológicas u oceanográficas comunes a las observaciones oceanográficas,306038,(Secuencia para la representación de observaciones meteorológicas marinas normalizadas de superficie desde boyas fijas),,004025,Período o desplazamiento de tiempo,Fijar en faltante (anular),,,Operational,PDF
bufr4/3/06/038/16/007033,06,Secuencias meteorológicas u oceanográficas comunes a las observaciones oceanográficas,306038,(Secuencia para la representación de observaciones meteorológicas marinas normalizadas de superficie desde boyas fijas),,007033,Altura del sensor sobre la superficie del agua,Fijar en faltante (anular),,,Operational,PDF
bufr4/3/06/038/17/002005,06,Secuencias meteorológicas u oceanográficas comunes a las observaciones oceanográficas,306038,(Secuencia para la representación de observaciones meteorológicas marinas normalizadas de superficie desde boyas fijas),,002005,Precisión de la observación de la temperatura,,,,Operational,PDF
bufr4/3/06/038/18/007063,06,Secuencias meteorológicas u oceanográficas comunes a las observaciones oceanográficas,306038,(Secuencia para la representación de observaciones meteorológicas marinas normalizadas de superficie desde boyas fijas),,007063,Profundidad por debajo de la superficie del mar/ agua (cm),,,,Operational,PDF
bufr4/3/06/038/19/022049,06,Secuencias meteorológicas u oceanográficas comunes a las observaciones oceanográficas,306038,(Secuencia para la representación de observaciones meteorológicas marinas normalizadas de superficie desde boyas fijas),,022049,Temperatura en la superficie del mar,,,,Operational,PDF
bufr4/3/06/039/1/022078,06,Secuencias meteorológicas u oceanográficas comunes a las observaciones oceanográficas,306039,(Secuencia para la representación de mediciones básicas de las olas),,022078,Duración del registro de las olas,,,,Operational,PDF
bufr4/3/06/039/2/022070,06,Secuencias meteorológicas u oceanográficas comunes a las observaciones oceanográficas,306039,(Secuencia para la representación de mediciones básicas de las olas),,022070,Altura significativa de las olas,,,,Operational,PDF
bufr4/3/06/039/3/022073,06,Secuencias meteorológicas u oceanográficas comunes a las observaciones oceanográficas,306039,(Secuencia para la representación de mediciones básicas de las olas),,022073,Altura máxima de las olas,,,,Operational,PDF
bufr4/3/06/039/4/022074,06,Secuencias meteorológicas u oceanográficas comunes a las observaciones oceanográficas,306039,(Secuencia para la representación de mediciones básicas de las olas),,022074,Período medio de las olas,,,,Operational,PDF
bufr4/3/06/039/5/022071,06,Secuencias meteorológicas u oceanográficas comunes a las observaciones oceanográficas,306039,(Secuencia para la representación de mediciones básicas de las olas),,022071,Período espectral máximo de las olas,,,,Operational,PDF
bufr4/3/06/039/6/022076,06,Secuencias meteorológicas u oceanográficas comunes a las observaciones oceanográficas,306039,(Secuencia para la representación de mediciones básicas de las olas),,022076,Dirección de la cual provienen las olas dominantes,,,,Operational,PDF
bufr4/3/06/039/7/022077,06,Secuencias meteorológicas u oceanográficas comunes a las observaciones oceanográficas,306039,(Secuencia para la representación de mediciones básicas de las olas),,022077,Dispersión direccional de la ola dominante,,,,Operational,PDF
bufr4/3/06/040/1/022078,06,Secuencias meteorológicas u oceanográficas comunes a las observaciones oceanográficas,306040,(Secuencia para la representación de mediciones detalladas del espectro de las olas),,022078,Duración del registro de las olas,,,,Operational,PDF
bufr4/3/06/040/2/022082,06,Secuencias meteorológicas u oceanográficas comunes a las observaciones oceanográficas,306040,(Secuencia para la representación de mediciones detalladas del espectro de las olas),,022082,Densidad espectral máxima no direccional de las olas,,,,Operational,PDF
bufr4/3/06/040/3/106000,06,Secuencias meteorológicas u oceanográficas comunes a las observaciones oceanográficas,306040,(Secuencia para la representación de mediciones detalladas del espectro de las olas),,106000,Repetición diferida de 6 descriptores,,,,Operational,PDF
bufr4/3/06/040/4/031001,06,Secuencias meteorológicas u oceanográficas comunes a las observaciones oceanográficas,306040,(Secuencia para la representación de mediciones detalladas del espectro de las olas),,031001,Factor de repetición diferida del descriptor,Número de intervalos de frecuencia,,,Operational,PDF
bufr4/3/06/040/5/022080,06,Secuencias meteorológicas u oceanográficas comunes a las observaciones oceanográficas,306040,(Secuencia para la representación de mediciones detalladas del espectro de las olas),,022080,Frecuencia central de las bandas de olas,,,,Operational,PDF
bufr4/3/06/040/6/022069,06,Secuencias meteorológicas u oceanográficas comunes a las observaciones oceanográficas,306040,(Secuencia para la representación de mediciones detalladas del espectro de las olas),,022069,Densidad espectral de las olas,,,,Operational,PDF
bufr4/3/06/040/7/022086,06,Secuencias meteorológicas u oceanográficas comunes a las observaciones oceanográficas,306040,(Secuencia para la representación de mediciones detalladas del espectro de las olas),,022086,Dirección principal de donde provienen las olas,,,,Operational,PDF
bufr4/3/06/040/8/022087,06,Secuencias meteorológicas u oceanográficas comunes a las observaciones oceanográficas,306040,(Secuencia para la representación de mediciones detalladas del espectro de las olas),,022087,Dirección principal de donde provienen las olas,,,,Operational,PDF
bufr4/3/06/040/9/022088,06,Secuencias meteorológicas u oceanográficas comunes a las observaciones oceanográficas,306040,(Secuencia para la representación de mediciones detalladas del espectro de las olas),,022088,Primera coordenada polar normalizada obtenida con los coeficientes de Fourier,,,,Operational,PDF
bufr4/3/06/040/10/022089,06,Secuencias meteorológicas u oceanográficas comunes a las observaciones oceanográficas,306040,(Secuencia para la representación de mediciones detalladas del espectro de las olas),,022089,Segunda coordenada polar normalizada obtenida con los coeficientes de Fourier,,,,Operational,PDF
bufr4/3/06/041/1/002032,06,Secuencias meteorológicas u oceanográficas comunes a las observaciones oceanográficas,306041,(Perfil de profundidad y temperatura (gran exactitud/ precisión)),,002032,Indicador de digitalización,= 0 profundidades fijas del sensor,,,Operational,PDF
bufr4/3/06/041/2/102000,06,Secuencias meteorológicas u oceanográficas comunes a las observaciones oceanográficas,306041,(Perfil de profundidad y temperatura (gran exactitud/ precisión)),,102000,Repetición diferida de 2 descriptores,,,,Operational,PDF
bufr4/3/06/041/3/031001,06,Secuencias meteorológicas u oceanográficas comunes a las observaciones oceanográficas,306041,(Perfil de profundidad y temperatura (gran exactitud/ precisión)),,031001,Factor de repetición diferida del descriptor,Número de profundidades,,,Operational,PDF
bufr4/3/06/041/4/007062,06,Secuencias meteorológicas u oceanográficas comunes a las observaciones oceanográficas,306041,(Perfil de profundidad y temperatura (gran exactitud/ precisión)),,007062,Profundidad por debajo de la superficie del mar/ agua,,,,Operational,PDF
bufr4/3/06/041/5/022043,06,Secuencias meteorológicas u oceanográficas comunes a las observaciones oceanográficas,306041,(Perfil de profundidad y temperatura (gran exactitud/ precisión)),,022043,Temperatura del mar/agua,,,,Operational,PDF
bufr4/3/06/042/1/002169,06,Secuencias meteorológicas u oceanográficas comunes a las observaciones oceanográficas,306042,(Medición del viento desde boyas a la deriva),,002169,Tipo de anemómetro,"P. ej. = 2 WOTAN,",,,Operational,PDF
bufr4/3/06/042/2/007033,06,Secuencias meteorológicas u oceanográficas comunes a las observaciones oceanográficas,306042,(Medición del viento desde boyas a la deriva),,007033,Altura del sensor sobre la superficie del agua,Altura del anemómetro sobre la superficie del agua o altura efectiva para WOTAN,,,Operational,PDF
bufr4/3/06/042/3/008021,06,Secuencias meteorológicas u oceanográficas comunes a las observaciones oceanográficas,306042,(Medición del viento desde boyas a la deriva),,008021,Significación temporal,= 2 promediada en el tiempo,,,Operational,PDF
bufr4/3/06/042/4/004025,06,Secuencias meteorológicas u oceanográficas comunes a las observaciones oceanográficas,306042,(Medición del viento desde boyas a la deriva),,004025,Período o desplazamiento de tiempo,Período de promediación en minutos,,,Operational,PDF
bufr4/3/06/042/5/011001,06,Secuencias meteorológicas u oceanográficas comunes a las observaciones oceanográficas,306042,(Medición del viento desde boyas a la deriva),,011001,Dirección del viento,A la altura de medición,,,Operational,PDF
bufr4/3/06/042/6/011002,06,Secuencias meteorológicas u oceanográficas comunes a las observaciones oceanográficas,306042,(Medición del viento desde boyas a la deriva),,011002,Velocidad del viento,A la altura de medición,,,Operational,PDF
bufr4/3/06/043/1/041001,06,Secuencias meteorológicas u oceanográficas comunes a las observaciones oceanográficas,306043,(Observaciones marinas biogeoquímicas y de radiación),,041001,pCO2,,,,Operational,PDF
bufr4/3/06/043/2/008043,06,Secuencias meteorológicas u oceanográficas comunes a las observaciones oceanográficas,306043,(Observaciones marinas biogeoquímicas y de radiación),,008043,Tipo de componente atmosférico químico o físico,Fijar en 3 (dióxido de carbono),,,Operational,PDF
bufr4/3/06/043/3/015028,06,Secuencias meteorológicas u oceanográficas comunes a las observaciones oceanográficas,306043,(Observaciones marinas biogeoquímicas y de radiación),,015028,Fracción molar del componente/contaminante atmosférico en el aire seco,,,,Operational,PDF
bufr4/3/06/043/4/008043,06,Secuencias meteorológicas u oceanográficas comunes a las observaciones oceanográficas,306043,(Observaciones marinas biogeoquímicas y de radiación),,008043,Tipo de componente atmosférico químico o físico,Anular,,,Operational,PDF
bufr4/3/06/043/5/013080,06,Secuencias meteorológicas u oceanográficas comunes a las observaciones oceanográficas,306043,(Observaciones marinas biogeoquímicas y de radiación),,013080,pH del agua,,,,Operational,PDF
bufr4/3/06/043/6/041005,06,Secuencias meteorológicas u oceanográficas comunes a las observaciones oceanográficas,306043,(Observaciones marinas biogeoquímicas y de radiación),,041005,Turbiedad,,,,Operational,PDF
bufr4/3/06/043/7/041003,06,Secuencias meteorológicas u oceanográficas comunes a las observaciones oceanográficas,306043,(Observaciones marinas biogeoquímicas y de radiación),,041003,Nitratos disueltos,,,,Operational,PDF
bufr4/3/06/043/8/022188,06,Secuencias meteorológicas u oceanográficas comunes a las observaciones oceanográficas,306043,(Observaciones marinas biogeoquímicas y de radiación),,022188,Oxígeno disuelto,,,,Operational,PDF
bufr4/3/06/043/9/041002,06,Secuencias meteorológicas u oceanográficas comunes a las observaciones oceanográficas,306043,(Observaciones marinas biogeoquímicas y de radiación),,041002,Fluorescencia,,,,Operational,PDF
bufr4/3/06/043/10/106000,06,Secuencias meteorológicas u oceanográficas comunes a las observaciones oceanográficas,306043,(Observaciones marinas biogeoquímicas y de radiación),,106000,Repetición diferida de 6 descriptores,,,,Operational,PDF
bufr4/3/06/043/11/031000,06,Secuencias meteorológicas u oceanográficas comunes a las observaciones oceanográficas,306043,(Observaciones marinas biogeoquímicas y de radiación),,031000,Factor de repetición ligeramente diferida,,,,Operational,PDF
bufr4/3/06/043/12/004024,06,Secuencias meteorológicas u oceanográficas comunes a las observaciones oceanográficas,306043,(Observaciones marinas biogeoquímicas y de radiación),,004024,Período o desplazamiento de tiempo (horas),Fijar en -1 (hora anterior),,,Operational,PDF
bufr4/3/06/043/13/014002,06,Secuencias meteorológicas u oceanográficas comunes a las observaciones oceanográficas,306043,(Observaciones marinas biogeoquímicas y de radiación),,014002,Radiación de onda larga integrada en un período determinado,Radiación de onda larga descendente,,,Operational,PDF
bufr4/3/06/043/14/014002,06,Secuencias meteorológicas u oceanográficas comunes a las observaciones oceanográficas,306043,(Observaciones marinas biogeoquímicas y de radiación),,014002,Radiación de onda larga integrada en un período determinado,Radiación de onda larga ascendente,,,Operational,PDF
bufr4/3/06/043/15/014012,06,Secuencias meteorológicas u oceanográficas comunes a las observaciones oceanográficas,306043,(Observaciones marinas biogeoquímicas y de radiación),,014012,"Radiación de onda larga neta, integrada en un período determinado",,,,Operational,PDF
bufr4/3/06/043/16/014004,06,Secuencias meteorológicas u oceanográficas comunes a las observaciones oceanográficas,306043,(Observaciones marinas biogeoquímicas y de radiación),,014004,Radiación de onda corta integrada en un período determinado,,,,Operational,PDF
bufr4/3/06/043/17/004024,06,Secuencias meteorológicas u oceanográficas comunes a las observaciones oceanográficas,306043,(Observaciones marinas biogeoquímicas y de radiación),,004024,Período o desplazamiento de tiempo (horas),Anular,,,Operational,PDF
