ID,FXY,ElementName_ru,CodeFigure,EntryName_ru,EntryName_sub1_ru,EntryName_sub2_ru,Note_ru,noteIDs,Status,translation_source
bufr4/0/25/004/0,025004,Обработка отраженного сигнала,0,Некогерентная,,,,,Operational,PDF
bufr4/0/25/004/1,025004,Обработка отраженного сигнала,1,Когерентная (Доплер),,,,,Operational,PDF
bufr4/0/25/004/2,025004,Обработка отраженного сигнала,2,Зарезервирована,,,,,Operational,PDF
bufr4/0/25/004/3,025004,Обработка отраженного сигнала,3,Отсутствующее значение,,,,,Operational,PDF
bufr4/0/25/005/0,025005,Интегрирование отраженного сигнала,0,"Логарифм — 2,5 дБ",,,,,Operational,PDF
bufr4/0/25/005/1,025005,Интегрирование отраженного сигнала,1,Линейное,,,,,Operational,PDF
bufr4/0/25/005/2,025005,Интегрирование отраженного сигнала,2,Специальное,,,,,Operational,PDF
bufr4/0/25/005/3,025005,Интегрирование отраженного сигнала,3,Отсутствующее значение,,,,,Operational,PDF
bufr4/0/25/006/0,025006,Конверсия Z в R,0,Конверсия ZH в R,,,,,Operational,PDF
bufr4/0/25/006/1,025006,Конверсия Z в R,1,"(ZH, ZDR) в (NO, DO) в R",,,,,Operational,PDF
bufr4/0/25/006/2,025006,Конверсия Z в R,2,"(Z (F1), Z (F2)) в затухание для R",,,,,Operational,PDF
bufr4/0/25/006/3-5,025006,Конверсия Z в R,3-5,Зарезервированы,,,,,Operational,PDF
bufr4/0/25/006/6,025006,Конверсия Z в R,6,Другие виды,,,,,Operational,PDF
bufr4/0/25/006/7,025006,Конверсия Z в R,7,Отсутствующее значение,,,,,Operational,PDF
bufr4/0/25/009/1,025009,Метод калибровки,1,Отсутствует,,,,,Deprecated,PDF
bufr4/0/25/009/2,025009,Метод калибровки,2,Образец для калибровки или сигнал,,,,,Deprecated,PDF
bufr4/0/25/009/3,025009,Метод калибровки,3,По дождемерам,,,,,Deprecated,PDF
bufr4/0/25/009/4,025009,Метод калибровки,4,По другим приборам (дисдрометр — затухание),,,,,Deprecated,PDF
bufr4/0/25/009/All-4,025009,Метод калибровки,Все 4,Отсутствующее значение,,,,,Deprecated,PDF
bufr4/0/25/010/0,025010,Подавление мешающих отражений,0,Отсутствует,,,,,Operational,PDF
bufr4/0/25/010/1,025010,Подавление мешающих отражений,1,Карта,,,,,Operational,PDF
bufr4/0/25/010/2,025010,Подавление мешающих отражений,2,Включение данных с более высоким превышением,,,,,Operational,PDF
bufr4/0/25/010/3,025010,Подавление мешающих отражений,3,Анализ изменяющегося логарифмического сигнала (обнаружение мешающих отражений),,,,,Operational,PDF
bufr4/0/25/010/4,025010,Подавление мешающих отражений,4,Исключение изменяющейся части линейного сигнала (подавление мешающих отражений),,,,,Operational,PDF
bufr4/0/25/010/5,025010,Подавление мешающих отражений,5,Подавление мешающих отражений — доплеровское,,,,,Operational,PDF
bufr4/0/25/010/6,025010,Подавление мешающих отражений,6,Анализ многих параметров,,,,,Operational,PDF
bufr4/0/25/010/7-14,025010,Подавление мешающих отражений,7-14,Зарезервированы,,,,,Operational,PDF
bufr4/0/25/010/15,025010,Подавление мешающих отражений,15,Отсутствующее значение,,,,,Operational,PDF
bufr4/0/25/011/0,025011,Коррекция помех от земной поверхности (защита),0,Отсутствует,,,,,Operational,PDF
bufr4/0/25/011/1,025011,Коррекция помех от земной поверхности (защита),1,Карта факторов коррекции,,,,,Operational,PDF
bufr4/0/25/011/2,025011,Коррекция помех от земной поверхности (защита),2,Интерполяция (азимут или превышение),,,,,Operational,PDF
bufr4/0/25/011/3,025011,Коррекция помех от земной поверхности (защита),3,Отсутствующее значение,,,,,Operational,PDF
bufr4/0/25/012/0,025012,Коррекция затухания с увеличением дальности,0,Аппаратура,,,,,Operational,PDF
bufr4/0/25/012/1,025012,Коррекция затухания с увеличением дальности,1,Программное обеспечение,,,,,Operational,PDF
bufr4/0/25/012/2,025012,Коррекция затухания с увеличением дальности,2,Аппаратура и программное обеспечение,,,,,Operational,PDF
bufr4/0/25/012/3,025012,Коррекция затухания с увеличением дальности,3,Отсутствующее значение,,,,,Operational,PDF
bufr4/0/25/013/1,025013,Коррекция яркой полосы,1,Коррекция яркой полосы,,,,,Operational,PDF
bufr4/0/25/013/All-2,025013,Коррекция яркой полосы,Все 2,Отсутствующее значение,,,,,Operational,PDF
bufr4/0/25/015/1,025015,Коррекция затухания на обтекателе,1,Коррекция затухания на обтекателе,,,,,Operational,PDF
bufr4/0/25/015/All-2,025015,Коррекция затухания на обтекателе,Все 2,Отсутствующее значение,,,,,Operational,PDF
bufr4/0/25/017/1,025017,Коррекция затухания в осадках,1,Коррекция затухания в осадках,,,,,Operational,PDF
bufr4/0/25/017/All-2,025017,Коррекция затухания в осадках,Все 2,Отсутствующее значение,,,,,Operational,PDF
bufr4/0/25/020/0,025020,Оценка средней скорости,0,FFT (быстрое преобразование Фурье),,,,,Operational,PDF
bufr4/0/25/020/1,025020,Оценка средней скорости,1,PPP (обработка пары импульсов),,,,,Operational,PDF
bufr4/0/25/020/2,025020,Оценка средней скорости,2,VPC (изменение фазы вектора),,,,,Operational,PDF
bufr4/0/25/020/3,025020,Оценка средней скорости,3,Отсутствующее значение,,,,,Operational,PDF
bufr4/0/25/021/1,025021,Расширение расчета ветра,1,Простое усреднение,,,,,Operational,PDF
bufr4/0/25/021/2,025021,Расширение расчета ветра,2,Консенсусное усреднение,,,,,Operational,PDF
bufr4/0/25/021/3,025021,Расширение расчета ветра,3,Медианная проверка,,,,,Operational,PDF
bufr4/0/25/021/4,025021,Расширение расчета ветра,4,Проверка на вертикальную согласованность,,,,,Operational,PDF
bufr4/0/25/021/5,025021,Расширение расчета ветра,5,Прочие,,,,,Operational,PDF
bufr4/0/25/021/6-7,025021,Расширение расчета ветра,6-7,Зарезервированы,,,,,Operational,PDF
bufr4/0/25/021/All-8,025021,Расширение расчета ветра,Все 8,Отсутствующее значение,,,,,Operational,PDF
bufr4/0/25/022/1,025022,Флаг неприемлемости ТПМВРГ,1,Не обработаны,,,,,Operational,PDF
bufr4/0/25/022/2,025022,Флаг неприемлемости ТПМВРГ,2,Подозрение на присутствие суши,,,,,Operational,PDF
bufr4/0/25/022/3,025022,Флаг неприемлемости ТПМВРГ,3,Слишком большая скорость ветра,,,,,Operational,PDF
bufr4/0/25/022/4,025022,Флаг неприемлемости ТПМВРГ,4,Обнаружен лед,,,,,Operational,PDF
bufr4/0/25/022/5,025022,Флаг неприемлемости ТПМВРГ,5,Обнаружен дождь (только выборки микроволновых данных),,,,,Operational,PDF
bufr4/0/25/022/6,025022,Флаг неприемлемости ТПМВРГ,6,Обнаружена облачность (только выборки инфракрасных данных),,,,,Operational,PDF
bufr4/0/25/022/7,025022,Флаг неприемлемости ТПМВРГ,7,Несущественное значение,,,,,Operational,PDF
bufr4/0/25/022/8,025022,Флаг неприемлемости ТПМВРГ,8,ТПМ вне диапазона,,,,,Operational,PDF
bufr4/0/25/022/All-9,025022,Флаг неприемлемости ТПМВРГ,Все 9,Отсутствующее значение,,,,,Operational,PDF
bufr4/0/25/023/1,025023,Флаг достоверности ТПМВРГ,1,Использовалось установленное по умолчанию значение достоверности,,,,,Operational,PDF
bufr4/0/25/023/2,025023,Флаг достоверности ТПМВРГ,2,Использовались установленное по умолчанию искажение и стандартное отклонение,,,,,Operational,PDF
bufr4/0/25/023/3,025023,Флаг достоверности ТПМВРГ,3,Подозрение на солнечный блик,,,,,Operational,PDF
bufr4/0/25/023/4,025023,Флаг достоверности ТПМВРГ,4,Выборка по морскому льду для микроволновых данных,,,,,Operational,PDF
bufr4/0/25/023/5,025023,Флаг достоверности ТПМВРГ,5,Выборка по высокой скорости ветра,,,,,Operational,PDF
bufr4/0/25/023/6,025023,Флаг достоверности ТПМВРГ,6,Неточная ТПМ по причине низкой ТПМ (< 285 K) (только применительно к прибору TMI),,,,,Operational,PDF
bufr4/0/25/023/7,025023,Флаг достоверности ТПМВРГ,7,"Подозрение на слабое искажение данных, обусловленное дождем",,,,,Operational,PDF
bufr4/0/25/023/8,025023,Флаг достоверности ТПМВРГ,8,Потенциальное загрязнение боковых лепестков,,,,,Operational,PDF
bufr4/0/25/023/All-9,025023,Флаг достоверности ТПМВРГ,Все 9,Отсутствующее значение,,,,,Operational,PDF
bufr4/0/25/024/0,025024,Качество данных ТПМВРГ,0,Необработанная выборка инфракрасных данных,,,,,Operational,PDF
bufr4/0/25/024/1,025024,Качество данных ТПМВРГ,1,Облачные выборки,,,,,Operational,PDF
bufr4/0/25/024/2,025024,Качество данных ТПМВРГ,2,Плохое: возможное искажение данных за счет облачности,,,,,Operational,PDF
bufr4/0/25/024/3,025024,Качество данных ТПМВРГ,3,Сомнительные данные,,,,,Operational,PDF
bufr4/0/25/024/4,025024,Качество данных ТПМВРГ,4,Приемлемые данные,,,,,Operational,PDF
bufr4/0/25/024/5,025024,Качество данных ТПМВРГ,5,Отличные данные,,,,,Operational,PDF
bufr4/0/25/024/6,025024,Качество данных ТПМВРГ,6,Подозрение на холодную поверхностную пленку,,,,,Operational,PDF
bufr4/0/25/024/7-9,025024,Качество данных ТПМВРГ,7-9,Зарезервированы,,,,,Operational,PDF
bufr4/0/25/024/10,025024,Качество данных ТПМВРГ,10,Необработанная выборка микроволновых данных,,,,,Operational,PDF
bufr4/0/25/024/11,025024,Качество данных ТПМВРГ,11,"Сомнительная выборка микроволновых данных, которые могут быть искажены",,,,,Operational,PDF
bufr4/0/25/024/12,025024,Качество данных ТПМВРГ,12,Приемлемая выборка микроволновых данных,,,,,Operational,PDF
bufr4/0/25/024/13,025024,Качество данных ТПМВРГ,13,Высокая вероятность суточной изменчивости,,,,,Operational,PDF
bufr4/0/25/024/14,025024,Качество данных ТПМВРГ,14,Зарезервировано,,,,,Operational,PDF
bufr4/0/25/024/15,025024,Качество данных ТПМВРГ,15,Отсутствующее значение,,,,,Operational,PDF
bufr4/0/25/029/1,025029,Метод калибровки,1,Зарезервирован,,,,,Operational,PDF
bufr4/0/25/029/2,025029,Метод калибровки,2,Образец для калибровки или сигнал,,,,,Operational,PDF
bufr4/0/25/029/3,025029,Метод калибровки,3,По дождемерам,,,,,Operational,PDF
bufr4/0/25/029/4,025029,Метод калибровки,4,По другими приборам (дисдрометр — затухание),,,,,Operational,PDF
bufr4/0/25/029/5,025029,Метод калибровки,5,Зарезервирован,,,,,Operational,PDF
bufr4/0/25/029/All-6,025029,Метод калибровки,Все 6,Отсутствующее значение,,,,,Operational,PDF
bufr4/0/25/030/0,025030,Использование скользящей средней температуры поверхности моря,0,"Скользящая средняя температура поверхности моря не используется, поскольку критерии использования не удовлетворены",,,,,Operational,PDF
bufr4/0/25/030/1,025030,Использование скользящей средней температуры поверхности моря,1,"Скользящая средняя температура поверхности моря не используется, поскольку данных не имеется",,,,,Operational,PDF
bufr4/0/25/030/2,025030,Использование скользящей средней температуры поверхности моря,2,Скользящая средняя температура поверхности моря используется в качестве предиктора,,,,,Operational,PDF
bufr4/0/25/030/3,025030,Использование скользящей средней температуры поверхности моря,3,Отсутствующее значение,,,,,Operational,PDF
bufr4/0/25/031/0,025031,"Метод прореживания вертикальных профилей, полученных с помощью ЧПП",0,Зарезервирована,,,,,Operational,PDF
bufr4/0/25/031/1,025031,"Метод прореживания вертикальных профилей, полученных с помощью ЧПП",1,Прореживание не применяется (все собственные модельные уровни включаются от нижней до верхней границы псевдозондирования),,,,,Operational,PDF
bufr4/0/25/031/2,025031,"Метод прореживания вертикальных профилей, полученных с помощью ЧПП",2,"Собственные модельные уровни присутствуют только при условии, что они являются значимыми уровнями в соответствии с правилами B/C25 для обычных зондирований TEMP",,,,,Operational,PDF
bufr4/0/25/031/3,025031,"Метод прореживания вертикальных профилей, полученных с помощью ЧПП",3,Присутствует заранее заданный поднабор собственных модельных уровней,,,,,Operational,PDF
bufr4/0/25/031/4,025031,"Метод прореживания вертикальных профилей, полученных с помощью ЧПП",4,Собственные модельные уровни отсутствуют. Все уровни профилей интерполируются в заранее заданный набор барических координат,,,,,Operational,PDF
bufr4/0/25/031/5-6,025031,"Метод прореживания вертикальных профилей, полученных с помощью ЧПП",5-6,Зарезервированы,,,,,Operational,PDF
bufr4/0/25/031/7,025031,"Метод прореживания вертикальных профилей, полученных с помощью ЧПП",7,Отсутствующее значение,,,,,Operational,PDF
bufr4/0/25/032/0,025032,"Информация о режиме, в котором используется профилометр ветра",0,Зарезервирована,,,,,Operational,PDF
bufr4/0/25/032/1,025032,"Информация о режиме, в котором используется профилометр ветра",1,Данные из нижнего диапазона,,,,,Operational,PDF
bufr4/0/25/032/2,025032,"Информация о режиме, в котором используется профилометр ветра",2,Данные из верхнего диапазона,,,,,Operational,PDF
bufr4/0/25/032/3,025032,"Информация о режиме, в котором используется профилометр ветра",3,Отсутствующее значение,,,,,Operational,PDF
bufr4/0/25/033/0,025033,Информация о поддиапазоне применения профилометра ветра,0,"Профилометр ветра, работающий в поддиапазоне A",,,,,Operational,PDF
bufr4/0/25/033/1,025033,Информация о поддиапазоне применения профилометра ветра,1,"Профилометр ветра, работающий в поддиапазоне B",,,,,Operational,PDF
bufr4/0/25/033/2,025033,Информация о поддиапазоне применения профилометра ветра,2,Зарезервирована,,,,,Operational,PDF
bufr4/0/25/033/3,025033,Информация о поддиапазоне применения профилометра ветра,3,Отсутствующее значение,,,,,Operational,PDF
bufr4/0/25/034/1,025034,Результаты контроля качества данных профилометра ветра,1,Проверка А выполнена и не прошла,,,,,Operational,PDF
bufr4/0/25/034/2,025034,Результаты контроля качества данных профилометра ветра,2,Проверка B выполнена и не прошла,,,,,Operational,PDF
bufr4/0/25/034/3,025034,Результаты контроля качества данных профилометра ветра,3,Результаты проверки не дают возможности сделать заключение,,,,,Operational,PDF
bufr4/0/25/034/All-4,025034,Результаты контроля качества данных профилометра ветра,Все 4,Отсутствующее значение,,,,,Operational,PDF
bufr4/0/25/035/0,025035,Метод обнаружения атмосфериков,0,Не определено,,,,,Operational,PDF
bufr4/0/25/035/1,025035,Метод обнаружения атмосфериков,1,На основе единичного скачка напряжения,,,,,Operational,PDF
bufr4/0/25/035/2,025035,Метод обнаружения атмосфериков,2,На основе скачка тока выше порогового значения,,,,,Operational,PDF
bufr4/0/25/035/3,025035,Метод обнаружения атмосфериков,3,На основе скачка напряжения выше порогового значения,,,,,Operational,PDF
bufr4/0/25/035/4,025035,Метод обнаружения атмосфериков,4,"Согласованность показаний датчиков, величина тока выше порогового значения",,,,,Operational,PDF
bufr4/0/25/035/5,025035,Метод обнаружения атмосфериков,5,"Согласованность показаний датчиков, величина напряжения выше порогового значения",,,,,Operational,PDF
bufr4/0/25/035/6,025035,Метод обнаружения атмосфериков,6,Зарезервировано,,,,,Operational,PDF
bufr4/0/25/035/7,025035,Метод обнаружения атмосфериков,7,Отсутствующее значение,,,,,Operational,PDF
bufr4/0/25/036/0,025036,Метод обнаружения атмосфериков,0,"Сеть нескольких радиопеленгаторов, работающих по одним и тем же отдельным атмосферикам",,,,,Operational,PDF
bufr4/0/25/036/1,025036,Метод обнаружения атмосфериков,1,"Сеть нескольких станций определения времени поступления сигнала, работающая по одним и тем же отдельным атмосферикам",,,,,Operational,PDF
bufr4/0/25/036/2-5,025036,Метод обнаружения атмосфериков,2-5,Зарезервированы,,,,,Operational,PDF
bufr4/0/25/036/6,025036,Метод обнаружения атмосфериков,6,Метод определения дальности с использованием одной станции пеленгации,,,,,Operational,PDF
bufr4/0/25/036/7-14,025036,Метод обнаружения атмосфериков,7-14,Зарезервированы,,,,,Operational,PDF
bufr4/0/25/036/15,025036,Метод обнаружения атмосфериков,15,Отсутствующее значение,,,,,Operational,PDF
bufr4/0/25/040/0,025040,Получение продукции о ветре по измерениям CO₂,0,Неопределенный способ,,,,,Operational,PDF
bufr4/0/25/040/1,025040,Получение продукции о ветре по измерениям CO₂,1,Данные нулевого приближения,,,,,Operational,PDF
bufr4/0/25/040/2,025040,Получение продукции о ветре по измерениям CO₂,2,Данные об облачности,,,,,Operational,PDF
bufr4/0/25/040/3,025040,Получение продукции о ветре по измерениям CO₂,3,Данные об усредненном векторе,,,,,Operational,PDF
bufr4/0/25/040/4,025040,Получение продукции о ветре по измерениям CO₂,4,Первичные данные,,,,,Operational,PDF
bufr4/0/25/040/5,025040,Получение продукции о ветре по измерениям CO₂,5,Модельные данные,,,,,Operational,PDF
bufr4/0/25/040/6,025040,Получение продукции о ветре по измерениям CO₂,6,Векторные данные,,,,,Operational,PDF
bufr4/0/25/040/7,025040,Получение продукции о ветре по измерениям CO₂,7,Трассерные данные; данное изображение,,,,,Operational,PDF
bufr4/0/25/040/8,025040,Получение продукции о ветре по измерениям CO₂,8,Трассерные данные для следующего изображения,,,,,Operational,PDF
bufr4/0/25/040/9-14,025040,Получение продукции о ветре по измерениям CO₂,9-14,Зарезервированы,,,,,Operational,PDF
bufr4/0/25/040/15,025040,Получение продукции о ветре по измерениям CO₂,15,Отсутствующее значение,,,,,Operational,PDF
bufr4/0/25/041/0,025041,Метод передачи сводок о направлении движения подвижной платформы,0,"Направление, первоначально передаваемое в истинных градусах",,,,,Operational,PDF
bufr4/0/25/041/1,025041,Метод передачи сводок о направлении движения подвижной платформы,1,"Направление, первоначально передаваемое с использованием кодовой таблицы 0700, FM 13",,,,,Operational,PDF
bufr4/0/25/041/2,025041,Метод передачи сводок о направлении движения подвижной платформы,2,Зарезервирована,,,,,Operational,PDF
bufr4/0/25/041/3,025041,Метод передачи сводок о направлении движения подвижной платформы,3,Отсутствующее значение,,,,,Operational,PDF
bufr4/0/25/042/0,025042,Метод передачи сводок о скорости движения подвижной платформы,0,"Скорость, первоначально передаваемая в метрах в секунду",,,,,Operational,PDF
bufr4/0/25/042/1,025042,Метод передачи сводок о скорости движения подвижной платформы,1,"Скорость, первоначально передаваемая с использованием кодовой таблицы 4451, FM 13",,,,,Operational,PDF
bufr4/0/25/042/2,025042,Метод передачи сводок о скорости движения подвижной платформы,2,Зарезервирована,,,,,Operational,PDF
bufr4/0/25/042/3,025042,Метод передачи сводок о скорости движения подвижной платформы,3,Отсутствующее значение,,,,,Operational,PDF
bufr4/0/25/045/1-20,025045,Комбинация каналов HIRS,1-20,"Начиная с позиции первого бита (бит старшего разряда), если позиция бита установлена на 1, то канал имеется; если позиция бита установлена на 0, то канал отсутствует",,,,,Operational,PDF
bufr4/0/25/045/All-21,025045,Комбинация каналов HIRS,Все 21,Отсутствующее значение,,,,,Operational,PDF
bufr4/0/25/046/1-4,025046,Комбинация каналов MSU,1-4,"Начиная с позиции первого бита (бит старшего разряда), если позиция бита установлена на 1, то канал имеется; если позиция бита установлена на 0, то канал отсутствует",,,,,Operational,PDF
bufr4/0/25/046/All-5,025046,Комбинация каналов MSU,Все 5,Отсутствующее значение,,,,,Operational,PDF
bufr4/0/25/047/1-3,025047,Комбинация каналов SSU,1-3,"Начиная с позиции первого бита (бит старшего разряда), если позиция бита установлена на 1, то канал имеется; если позиция бита установлена на 0, то канал отсутствует",,,,,Operational,PDF
bufr4/0/25/047/All-4,025047,Комбинация каналов SSU,Все 4,Отсутствующее значение,,,,,Operational,PDF
bufr4/0/25/048/1-15,025048,Комбинация каналов AMSU-A,1-15,"Начиная с позиции первого бита (бит старшего разряда), если позиция бита установлена на 1, то канал имеется; если позиция бита установлена на 0, то канал отсутствует",,,,,Operational,PDF
bufr4/0/25/048/All-16,025048,Комбинация каналов AMSU-A,Все 16,Отсутствующее значение,,,,,Operational,PDF
bufr4/0/25/049/1-5,025049,Комбинация каналов AMSU-B,1-5,"Начиная с позиции первого бита (бит старшего разряда), если позиция бита установлена на 1, то канал имеется; если позиция бита установлена на 0, то канал отсутствует",,,,,Operational,PDF
bufr4/0/25/049/All-6,025049,Комбинация каналов AMSU-B,Все 6,Отсутствующее значение,,,,,Operational,PDF
bufr4/0/25/051/1-6,025051,Комбинация каналов AVHRR,1-6,"Начиная с позиции первого бита (бит старшего разряда), если позиция бита установлена на 1, то канал имеется; если позиция бита установлена на 0, то канал отсутствует",,,,,Operational,PDF
bufr4/0/25/051/All-7,025051,Комбинация каналов AVHRR,Все 7,Отсутствующее значение,,,,,Operational,PDF
bufr4/0/25/053/1,025053,Качество наблюдений,1,Хорошее,,,,,Operational,PDF
bufr4/0/25/053/2,025053,Качество наблюдений,2,Излишнее,,,,,Operational,PDF
bufr4/0/25/053/3,025053,Качество наблюдений,3,Сомнительное,,,,,Operational,PDF
bufr4/0/25/053/4,025053,Качество наблюдений,4,Плохое,,,,,Operational,PDF
bufr4/0/25/053/5,025053,Качество наблюдений,5,Экспериментальное,,,,,Operational,PDF
bufr4/0/25/053/6,025053,Качество наблюдений,6,Необоснованное,,,,,Operational,PDF
bufr4/0/25/053/7-11,025053,Качество наблюдений,7-11,Зарезервированы,,,,,Operational,PDF
bufr4/0/25/053/All-12,025053,Качество наблюдений,Все 12,Отсутствующее значение,,,,,Operational,PDF
bufr4/0/25/063/0,025063,Указатель центрального процессора или системы,0,Не определено,,,,,Operational,PDF
bufr4/0/25/063/1,025063,Указатель центрального процессора или системы,1,Основной процессор,,,,,Operational,PDF
bufr4/0/25/063/2,025063,Указатель центрального процессора или системы,2,Дублирующий процессор,,,,,Operational,PDF
bufr4/0/25/063/3-254,025063,Указатель центрального процессора или системы,3-254,Зарезервированы,,,,,Operational,PDF
bufr4/0/25/063/255,025063,Указатель центрального процессора или системы,255,Отсутствующее значение,,,,,Operational,PDF
bufr4/0/25/069/1,025069,Поправки давления на высоту,1,Значение сглажено,,,,,Operational,PDF
bufr4/0/25/069/2,025069,Поправки давления на высоту,2,Скорректированная базовая линия,,,,,Operational,PDF
bufr4/0/25/069/3,025069,Поправки давления на высоту,3,Нормализованный временной интервал,,,,,Operational,PDF
bufr4/0/25/069/4,025069,Поправки давления на высоту,4,Выбросы значений проверены,,,,,Operational,PDF
bufr4/0/25/069/5,025069,Поправки давления на высоту,5,Вероятность проверена,,,,,Operational,PDF
bufr4/0/25/069/6,025069,Поправки давления на высоту,6,Согласованность проверена,,,,,Operational,PDF
bufr4/0/25/069/7,025069,Поправки давления на высоту,7,Значение интерполировано,,,,,Operational,PDF
bufr4/0/25/069/All-8,025069,Поправки давления на высоту,Все 8,Отсутствующее значение,,,,,Operational,PDF
bufr4/0/25/086/0,025086,Указатель корректировки глубины,0,Глубины не корректируются,,,,,Operational,PDF
bufr4/0/25/086/1,025086,Указатель корректировки глубины,1,Глубины корректируются,,,,,Operational,PDF
bufr4/0/25/086/2,025086,Указатель корректировки глубины,2,Зарезервирована,,,,,Operational,PDF
bufr4/0/25/086/3,025086,Указатель корректировки глубины,3,Отсутствующее значение,,,,,Operational,PDF
bufr4/0/25/090/0,025090,Флаг характеристики орбиты,0,Вычисленная орбита во время маневра,,,,,Operational,PDF
bufr4/0/25/090/1,025090,Флаг характеристики орбиты,1,Скорректированная орбита полетных операций,,,,,Operational,PDF
bufr4/0/25/090/2,025090,Флаг характеристики орбиты,2,Экстраполированная орбита полетных операций,,,,,Operational,PDF
bufr4/0/25/090/3,025090,Флаг характеристики орбиты,3,Скорректированная (предварительная/точная) орбита,,,,,Operational,PDF
bufr4/0/25/090/4,025090,Флаг характеристики орбиты,4,(Предварительная/точная) орбита оценивается во время периода маневра,,,,,Operational,PDF
bufr4/0/25/090/5,025090,Флаг характеристики орбиты,5,(Предварительная/точная) орбита интерполируется для отслеживания пропуска данных,,,,,Operational,PDF
bufr4/0/25/090/6,025090,Флаг характеристики орбиты,6,(Предварительная/точная) орбита экстраполируется на период менее 1 дня,,,,,Operational,PDF
bufr4/0/25/090/7,025090,Флаг характеристики орбиты,7,(Предварительная/точная) орбита экстраполируется на период от 1 до 2 дней,,,,,Operational,PDF
bufr4/0/25/090/8,025090,Флаг характеристики орбиты,8,"(Предварительная/точная) орбита экстраполируется на период более 2 дней, или орбита экстраполируется сразу после маневра",,,,,Operational,PDF
bufr4/0/25/090/9,025090,Флаг характеристики орбиты,9,Орбита навигатора DORIS DIODE,,,(см. примечание),37,Operational,PDF
bufr4/0/25/090/10-14,025090,Флаг характеристики орбиты,10-14,Зарезервированы,,,,,Operational,PDF
bufr4/0/25/090/15,025090,Флаг характеристики орбиты,15,Отсутствующее значение,,,,,Operational,PDF
bufr4/0/25/093/1,025093,Корректировка расчета данных РАСС,1,Корректировки нет,,,,,Operational,PDF
bufr4/0/25/093/2,025093,Корректировка расчета данных РАСС,2,Корректировка вертикальной скорости,,,,,Operational,PDF
bufr4/0/25/093/3-6,025093,Корректировка расчета данных РАСС,3-6,Зарезервированы,,,,,Operational,PDF
bufr4/0/25/093/7,025093,Корректировка расчета данных РАСС,7,Все корректировки,,,,,Operational,PDF
bufr4/0/25/093/All-8,025093,Корректировка расчета данных РАСС,Все 8,Отсутствующее значение,,,,,Operational,PDF
bufr4/0/25/095/1,025095,Флаг состояния высотомера,1,"Функционирующий высотомер (0, если номинальный; 1, если резервный)",,,,,Operational,PDF
bufr4/0/25/095/All-2,025095,Флаг состояния высотомера,Все 2,Отсутствующее значение,,,,,Operational,PDF
bufr4/0/25/096/1,025096,Флаг состояния радиометра,1,"Указатель режима (0, если режим 2; 1, если режим 1)",,,,,Operational,PDF
bufr4/0/25/096/2,025096,Флаг состояния радиометра,2,"Указатель последовательности калибровки в режиме 1 (0, если обычный прием данных в режиме 1 или 2; 1, если последовательность калибровки в режиме 1)",,,,,Operational,PDF
bufr4/0/25/096/3,025096,Флаг состояния радиометра,3,"Канал 2 (0, если включен; 1, если выключен)",,,,,Operational,PDF
bufr4/0/25/096/4,025096,Флаг состояния радиометра,4,"Канал 3 (0, если включен; 1, если выключен)",,,,,Operational,PDF
bufr4/0/25/096/All-5,025096,Флаг состояния радиометра,Все 5,Отсутствующее значение,,,,,Operational,PDF
bufr4/0/25/097/0,025097,Трехмерная оценка ошибки орбиты навигатора,0,Диапазоны 0–30 см,,,,,Operational,PDF
bufr4/0/25/097/1,025097,Трехмерная оценка ошибки орбиты навигатора,1,Диапазоны 30–60 см,,,,,Operational,PDF
bufr4/0/25/097/2,025097,Трехмерная оценка ошибки орбиты навигатора,2,Диапазоны 60–90 см,,,,,Operational,PDF
bufr4/0/25/097/3,025097,Трехмерная оценка ошибки орбиты навигатора,3,Диапазоны 90–120 см,,,,,Operational,PDF
bufr4/0/25/097/4,025097,Трехмерная оценка ошибки орбиты навигатора,4,Диапазоны 120–150 см,,,,,Operational,PDF
bufr4/0/25/097/5,025097,Трехмерная оценка ошибки орбиты навигатора,5,Диапазоны 150–180 см,,,,,Operational,PDF
bufr4/0/25/097/6,025097,Трехмерная оценка ошибки орбиты навигатора,6,Диапазоны 180–210 см,,,,,Operational,PDF
bufr4/0/25/097/7,025097,Трехмерная оценка ошибки орбиты навигатора,7,Диапазоны 210–240 см,,,,,Operational,PDF
bufr4/0/25/097/8,025097,Трехмерная оценка ошибки орбиты навигатора,8,Диапазоны 240–270 см,,,,,Operational,PDF
bufr4/0/25/097/9,025097,Трехмерная оценка ошибки орбиты навигатора,9,Диапазоны свыше 270 см,,,,,Operational,PDF
bufr4/0/25/097/10-14,025097,Трехмерная оценка ошибки орбиты навигатора,10-14,Зарезервированы,,,,,Operational,PDF
bufr4/0/25/097/15,025097,Трехмерная оценка ошибки орбиты навигатора,15,Отсутствующее значение,,,,,Operational,PDF
bufr4/0/25/098/1,025098,"Флаг качества данных альтиметра (0 — хорошее, 1 — плохое)",1,Диапазон полосы частот Ku,,,,,Operational,PDF
bufr4/0/25/098/2,025098,"Флаг качества данных альтиметра (0 — хорошее, 1 — плохое)",2,Диапазон полосы частот C,,,,,Operational,PDF
bufr4/0/25/098/3,025098,"Флаг качества данных альтиметра (0 — хорошее, 1 — плохое)",3,ВЗВ в полосе частот Ku,,,,,Operational,PDF
bufr4/0/25/098/4,025098,"Флаг качества данных альтиметра (0 — хорошее, 1 — плохое)",4,ВЗВ в полосе частот C,,,,,Operational,PDF
bufr4/0/25/098/5,025098,"Флаг качества данных альтиметра (0 — хорошее, 1 — плохое)",5,Коэффициент обратного рассеяния в полосе частот Ku,,,,,Operational,PDF
bufr4/0/25/098/6,025098,"Флаг качества данных альтиметра (0 — хорошее, 1 — плохое)",6,Коэффициент обратного рассеяния в полосе частот C,,,,,Operational,PDF
bufr4/0/25/098/7,025098,"Флаг качества данных альтиметра (0 — хорошее, 1 — плохое)",7,Угол отклонения от надира исходя из параметров формы волны в полосе частот Ku,,,,,Operational,PDF
bufr4/0/25/098/8,025098,"Флаг качества данных альтиметра (0 — хорошее, 1 — плохое)",8,Угол отклонения от надира с платформы,,,,,Operational,PDF
bufr4/0/25/098/All-9,025098,"Флаг качества данных альтиметра (0 — хорошее, 1 — плохое)",Все 9,Отсутствующее значение,,,,,Operational,PDF
bufr4/0/25/099/1,025099,"Флаг качества коррекции альтиметра (0 — хорошее, 1 — плохое)",1,Инструментальная поправка в диапазоне полосы частот Ku,,,,,Operational,PDF
bufr4/0/25/099/2,025099,"Флаг качества коррекции альтиметра (0 — хорошее, 1 — плохое)",2,Инструментальная поправка в диапазоне полосы частот C,,,,,Operational,PDF
bufr4/0/25/099/3,025099,"Флаг качества коррекции альтиметра (0 — хорошее, 1 — плохое)",3,Инструментальная поправка ВЗВ в полосе частот Ku,,,,,Operational,PDF
bufr4/0/25/099/4,025099,"Флаг качества коррекции альтиметра (0 — хорошее, 1 — плохое)",4,Инструментальная поправка ВЗВ в полосе частот С,,,,,Operational,PDF
bufr4/0/25/099/5,025099,"Флаг качества коррекции альтиметра (0 — хорошее, 1 — плохое)",5,Инструментальная поправка коэффициента обратного рассеяния в полосе частот Ku,,,,,Operational,PDF
bufr4/0/25/099/6,025099,"Флаг качества коррекции альтиметра (0 — хорошее, 1 — плохое)",6,Инструментальная поправка коэффициента обратного рассеяния в полосе частот С,,,,,Operational,PDF
bufr4/0/25/099/7-8,025099,"Флаг качества коррекции альтиметра (0 — хорошее, 1 — плохое)",7-8,Зарезервированы,,,,,Operational,PDF
bufr4/0/25/099/All-9,025099,"Флаг качества коррекции альтиметра (0 — хорошее, 1 — плохое)",Все 9,Отсутствующее значение,,,,,Operational,PDF
bufr4/0/25/110/1,025110,Краткая сводка об обработке изображения,1,Проводился анализ необработанных данных для их коррекции. Коррекция проведена с параметрами по умолчанию,,,,,Operational,PDF
bufr4/0/25/110/2,025110,Краткая сводка об обработке изображения,2,Проводился анализ необработанных данных для их коррекции. Коррекция проведена с учетом результатов анализа необработанных данных,,,,,Operational,PDF
bufr4/0/25/110/3,025110,Краткая сводка об обработке изображения,3,Применялась коррекция диаграммы направленности антенны в вертикальной плоскости,,,,,Operational,PDF
bufr4/0/25/110/4,025110,Краткая сводка об обработке изображения,4,Использовалась копия номинального импульса с линейной частотной модуляцией,,,,,Operational,PDF
bufr4/0/25/110/5,025110,Краткая сводка об обработке изображения,5,Использовалось восстановление импульса с линейной частотной модуляцией,,,,,Operational,PDF
bufr4/0/25/110/6,025110,Краткая сводка об обработке изображения,6,Проведено преобразование наклонной дальности в горизонтальную дальность,,,,,Operational,PDF
bufr4/0/25/110/7-9,025110,Краткая сводка об обработке изображения,7-9,Зарезервированы,,,,,Operational,PDF
bufr4/0/25/110/All-10,025110,Краткая сводка об обработке изображения,Все 10,Отсутствующее значение,,,,,Operational,PDF
bufr4/0/25/112/1,025112,"Флаг качества данных альтиметра для специфической полосы частот (0 — хорошее, 1 — плохое)",1,Диапазон специфической полосы частот,,,,,Operational,PDF
bufr4/0/25/112/2,025112,"Флаг качества данных альтиметра для специфической полосы частот (0 — хорошее, 1 — плохое)",2,Высота значительной волны в специфической полосе частот,,,,,Operational,PDF
bufr4/0/25/112/3,025112,"Флаг качества данных альтиметра для специфической полосы частот (0 — хорошее, 1 — плохое)",3,Коэффициент обратного рассеяния в специфической полосе частот,,,,,Operational,PDF
bufr4/0/25/112/4,025112,"Флаг качества данных альтиметра для специфической полосы частот (0 — хорошее, 1 — плохое)",4,Угол отклонения от надира исходя из параметров формы волны в специфической полосе частот,,,,,Operational,PDF
bufr4/0/25/112/5,025112,"Флаг качества данных альтиметра для специфической полосы частот (0 — хорошее, 1 — плохое)",5,Угол отклонения от надира по отношению к платформе,,,,,Operational,PDF
bufr4/0/25/112/6-8,025112,"Флаг качества данных альтиметра для специфической полосы частот (0 — хорошее, 1 — плохое)",6-8,Зарезервированы,,,,,Operational,PDF
bufr4/0/25/112/All-9,025112,"Флаг качества данных альтиметра для специфической полосы частот (0 — хорошее, 1 — плохое)",Все 9,Отсутствующее значение,,,,,Operational,PDF
bufr4/0/25/113/1,025113,"Флаг качества коррекции альтиметра для специфической полосы частот (0 — хорошее, 1 — плохое)",1,Инструментальная поправка в диапазоне специфической полосы частот,,,,,Operational,PDF
bufr4/0/25/113/2,025113,"Флаг качества коррекции альтиметра для специфической полосы частот (0 — хорошее, 1 — плохое)",2,Инструментальная поправка в специфической полосе частот для высоты значительной волны,,,,,Operational,PDF
bufr4/0/25/113/3,025113,"Флаг качества коррекции альтиметра для специфической полосы частот (0 — хорошее, 1 — плохое)",3,Инструментальная поправка коэффициента обратного рассеяния в специфической полосе частот,,,,,Operational,PDF
bufr4/0/25/113/4-8,025113,"Флаг качества коррекции альтиметра для специфической полосы частот (0 — хорошее, 1 — плохое)",4-8,Зарезервированы,,,,,Operational,PDF
bufr4/0/25/113/All-9,025113,"Флаг качества коррекции альтиметра для специфической полосы частот (0 — хорошее, 1 — плохое)",Все 9,Отсутствующее значение,,,,,Operational,PDF
bufr4/0/25/120/0,025120,Флаги обработки RA2-L2,0,Процентная доля DSR без ошибок обработки уровня 2 больше допустимого порогового значения,,,,,Operational,PDF
bufr4/0/25/120/1,025120,Флаги обработки RA2-L2,1,Процентная доля DSR без ошибок обработки уровня 2 меньше допустимого порогового значения,,,,,Operational,PDF
bufr4/0/25/120/2,025120,Флаги обработки RA2-L2,2,Зарезервирована,,,,,Operational,PDF
bufr4/0/25/120/3,025120,Флаги обработки RA2-L2,3,Отсутствующее значение,,,,,Operational,PDF
bufr4/0/25/122/0,025122,Аппаратная конфигурация RF,0,Аппаратная конфигурация RF — A,,,,,Operational,PDF
bufr4/0/25/122/1,025122,Аппаратная конфигурация RF,1,Аппаратная конфигурация RF — B,,,,,Operational,PDF
bufr4/0/25/122/2,025122,Аппаратная конфигурация RF,2,Зарезервирована,,,,,Operational,PDF
bufr4/0/25/122/3,025122,Аппаратная конфигурация RF,3,Отсутствующее значение,,,,,Operational,PDF
bufr4/0/25/123/0,025123,Аппаратная конфигурация НРА,0,Аппаратная конфигурация НРА — A,,,,,Operational,PDF
bufr4/0/25/123/1,025123,Аппаратная конфигурация НРА,1,Аппаратная конфигурация НРА — B,,,,,Operational,PDF
bufr4/0/25/123/2,025123,Аппаратная конфигурация НРА,2,Зарезервирована,,,,,Operational,PDF
bufr4/0/25/123/3,025123,Аппаратная конфигурация НРА,3,Отсутствующее значение,,,,,Operational,PDF
bufr4/0/25/124/0,025124,Флаги обработки MWR – L2,0,Процентная доля DSR без ошибок обработки уровня 2 больше допустимого порогового значения,,,,,Operational,PDF
bufr4/0/25/124/1,025124,Флаги обработки MWR – L2,1,Процентная доля DSR без ошибок обработки уровня 2 меньше допустимого порогового значения,,,,,Operational,PDF
bufr4/0/25/124/2,025124,Флаги обработки MWR – L2,2,Зарезервирована,,,,,Operational,PDF
bufr4/0/25/124/3,025124,Флаги обработки MWR – L2,3,Отсутствующее значение,,,,,Operational,PDF
bufr4/0/25/150/1,025150,Метод анализа интенсивности тропического циклона с использованием спутниковых данных,1,Анализ интенсивности по методу Дворака VIS (визуальное изображение),,,,,Operational,PDF
bufr4/0/25/150/2,025150,Метод анализа интенсивности тропического циклона с использованием спутниковых данных,2,Анализ интенсивности по методу Дворака EIR (усиленное инфракрасное изображение),,,,,Operational,PDF
bufr4/0/25/150/3-14,025150,Метод анализа интенсивности тропического циклона с использованием спутниковых данных,3-14,Зарезервированы,,,,,Operational,PDF
bufr4/0/25/150/15,025150,Метод анализа интенсивности тропического циклона с использованием спутниковых данных,15,Отсутствующее значение,,,,,Operational,PDF
bufr4/0/25/174/1,025174,Флаг информации о СМОС,1,На элемент изображения влияют эффекты радиочастотных помех (РЧП),,,,,Operational,PDF
bufr4/0/25/174/2,025174,Флаг информации о СМОС,2,"Элемент изображения находится в направлении шестиугольной зоны помехи дискретизации, отцентрированной на помехе дискретизации за счет излучения Солнца",,,,,Operational,PDF
bufr4/0/25/174/3,025174,Флаг информации о СМОС,3,"Элемент изображения находится около границы расширенной зоны, свободной от помехи дискретизации",,,,,Operational,PDF
bufr4/0/25/174/4,025174,Флаг информации о СМОС,4,"Элемент изображения находится внутри расширенной зоны, свободной от помехи дискретизации",,,,,Operational,PDF
bufr4/0/25/174/5,025174,Флаг информации о СМОС,5,"Элемент изображения находится внутри исключительной зоны, свободной от помехи дискретизации",,,,,Operational,PDF
bufr4/0/25/174/6,025174,Флаг информации о СМОС,6,"Элемент изображения расположен в зоне, где была восстановлена помеха дискретизации за счет излучения Луны",,,,,Operational,PDF
bufr4/0/25/174/7,025174,Флаг информации о СМОС,7,"Элемент изображения расположен в зоне, где было обнаружено отраженное излучение Солнца",,,,,Operational,PDF
bufr4/0/25/174/8,025174,Флаг информации о СМОС,8,"Элемент изображения расположен в зоне, где была восстановлена помеха дискретизации за счет излучения Солнца",,,,,Operational,PDF
bufr4/0/25/174/9,025174,Флаг информации о СМОС,9,В ходе восстановления снимка для этого элемента изображения была выполнена трансформация плоского объекта,,,,,Operational,PDF
bufr4/0/25/174/10,025174,Флаг информации о СМОС,10,В ходе восстановления изображения для учета искажения за счет перекрестной поляризации снимок был объединен со скорректированным снимком в обратной поляризации,,,,,Operational,PDF
bufr4/0/25/174/11,025174,Флаг информации о СМОС,11,В ходе восстановления снимка для этого элемента изображения была выполнена коррекция прямого излучения Луны,,,,,Operational,PDF
bufr4/0/25/174/12,025174,Флаг информации о СМОС,12,В ходе восстановления снимка для этого элемента изображения была выполнена коррекция отраженного излучения Солнца,,,,,Operational,PDF
bufr4/0/25/174/13,025174,Флаг информации о СМОС,13,В ходе восстановления изображения этого снимка была выполнена коррекция прямого излучения Солнца,,,,,Operational,PDF
bufr4/0/25/174/All-14,025174,Флаг информации о СМОС,Все 14,Отсутствующее значение,,,,,Operational,PDF
bufr4/0/25/181/0,025181,Флаг обработки данных L2,0,Все в порядке,,,,,Operational,PDF
bufr4/0/25/181/1,025181,Флаг обработки данных L2,1,Процентная доля данных наблюдений L2b без ошибок обработки меньше допустимого порогового значения,,,,,Operational,PDF
bufr4/0/25/181/2,025181,Флаг обработки данных L2,2,Отсутствующее значение,,,,,Operational,PDF
bufr4/0/25/182/0,025182,Флаг обработки данных L1,0,Все в порядке,,,,,Operational,PDF
bufr4/0/25/182/1,025182,Флаг обработки данных L1,1,Процентная доля данных наблюдений L1b без ошибок обработки меньше допустимого порогового значения,,,,,Operational,PDF
bufr4/0/25/182/2,025182,Флаг обработки данных L1,2,Отсутствующее значение,,,,,Operational,PDF
bufr4/0/25/184/0,025184,Статус продукции L2,0,Все в порядке,,,,,Operational,PDF
bufr4/0/25/184/1,025184,Статус продукции L2,1,"Период, охватываемый продукцией, короче, чем у исходной продукции",,,,,Operational,PDF
bufr4/0/25/184/2,025184,Статус продукции L2,2,Отсутствующее значение,,,,,Operational,PDF
bufr4/0/25/185/0,025185,Метод шифрования,0,AES 256,,,,,Operational,PDF
bufr4/0/25/185/1-254,025185,Метод шифрования,1-254,Зарезервированы,,,,,Operational,PDF
bufr4/0/25/185/255,025185,Метод шифрования,255,Отсутствующее значение,,,,,Operational,PDF
bufr4/0/25/187/0,025187,Флаг достоверности,0,Допустимое,,,,,Operational,PDF
bufr4/0/25/187/1,025187,Флаг достоверности,1,Недопустимое,,,,,Operational,PDF
bufr4/0/25/187/2-14,025187,Флаг достоверности,2-14,Зарезервированы,,,,,Operational,PDF
bufr4/0/25/187/15,025187,Флаг достоверности,15,Отсутствующее значение,,,,,Operational,PDF
bufr4/0/25/188/0,025188,Метод приведения давления к уровню моря,0,"Давление, приведенное к среднему уровню моря в соответствии с ВМО-№ 8 для станций, расположенных на малых высотах (< 50 м)",,,(см. примечание),44,Operational,PDF
bufr4/0/25/188/1,025188,Метод приведения давления к уровню моря,1,"Давление, приведенное к среднему уровню моря в соответствии с ВМО-№ 8 для станций, расположенных на высоте ниже 750 м",,,,,Operational,PDF
bufr4/0/25/188/2,025188,Метод приведения давления к уровню моря,2,"Давление, приведенное к уровню моря в соответствии с национальной практикой",,,,,Operational,PDF
bufr4/0/25/188/3,025188,Метод приведения давления к уровню моря,3,"Давление, приведенное к местному уровню воды в соответствии с национальной практикой",,,,,Operational,PDF
bufr4/0/25/188/4,025188,Метод приведения давления к уровню моря,4,Давление не корректируется с учетом высоты,,,,,Operational,PDF
bufr4/0/25/188/5-14,025188,Метод приведения давления к уровню моря,5-14,Зарезервированы,,,,,Operational,PDF
bufr4/0/25/188/15,025188,Метод приведения давления к уровню моря,15,Отсутствующее значение,,,,,Operational,PDF
bufr4/0/25/190/0,025190,Режим обработки отраженного сигнала альтиметра,0,Режим низкого разрешения (РНР),,,,,Operational,PDF
bufr4/0/25/190/1,025190,Режим обработки отраженного сигнала альтиметра,1,Радиолокатор с синтезированной апертурой (РСА),,,,,Operational,PDF
bufr4/0/25/190/2,025190,Режим обработки отраженного сигнала альтиметра,2,РНР и РСА (чередование),,,,,Operational,PDF
bufr4/0/25/190/3,025190,Режим обработки отраженного сигнала альтиметра,3,Зарезервировано,,,,,Operational,PDF
bufr4/0/25/190/4,025190,Режим обработки отраженного сигнала альтиметра,4,Псевдо-РНР (ПРНР),,,,,Operational,PDF
bufr4/0/25/190/5,025190,Режим обработки отраженного сигнала альтиметра,5,Интерферометрический режим РСА (SARin),,,,,Operational,PDF
bufr4/0/25/190/6-254,025190,Режим обработки отраженного сигнала альтиметра,6-254,Зарезервированы,,,,,Operational,PDF
bufr4/0/25/190/255,025190,Режим обработки отраженного сигнала альтиметра,255,Отсутствующее значение,,,,,Operational,PDF
bufr4/0/25/191/0,025191,Режим слежения за альтиметром,0,Разомкнутый контур,,,,,Operational,PDF
bufr4/0/25/191/1,025191,Режим слежения за альтиметром,1,Замкнутый контур,,,,,Operational,PDF
bufr4/0/25/191/2,025191,Режим слежения за альтиметром,2,Коэффициент усиления разомкнутого контура,,,,,Operational,PDF
bufr4/0/25/191/3-254,025191,Режим слежения за альтиметром,3-254,Зарезервированы,,,,,Operational,PDF
bufr4/0/25/191/255,025191,Режим слежения за альтиметром,255,Отсутствующее значение,,,,,Operational,PDF
